-- phpMyAdmin SQL Dump
-- version 4.8.0.1
-- https://www.phpmyadmin.net/
--
-- Host: 127.0.0.1
-- Waktu pembuatan: 27 Nov 2020 pada 09.56
-- Versi server: 10.1.32-MariaDB
-- Versi PHP: 7.2.5

SET SQL_MODE = "NO_AUTO_VALUE_ON_ZERO";
SET AUTOCOMMIT = 0;
START TRANSACTION;
SET time_zone = "+00:00";


/*!40101 SET @OLD_CHARACTER_SET_CLIENT=@@CHARACTER_SET_CLIENT */;
/*!40101 SET @OLD_CHARACTER_SET_RESULTS=@@CHARACTER_SET_RESULTS */;
/*!40101 SET @OLD_COLLATION_CONNECTION=@@COLLATION_CONNECTION */;
/*!40101 SET NAMES utf8mb4 */;

--
-- Database: `isdare`
--

-- --------------------------------------------------------

--
-- Struktur dari tabel `activities`
--

CREATE TABLE `activities` (
  `id` bigint(20) UNSIGNED NOT NULL,
  `date` varchar(10) COLLATE utf8_unicode_ci NOT NULL,
  `user_id` bigint(20) UNSIGNED NOT NULL,
  `classification_id` bigint(20) UNSIGNED NOT NULL,
  `equipment_id` bigint(20) UNSIGNED NOT NULL,
  `start_time` time NOT NULL,
  `finish_time` time NOT NULL,
  `description` text COLLATE utf8_unicode_ci NOT NULL,
  `report` text COLLATE utf8_unicode_ci NOT NULL,
  `efficiency_id` bigint(20) UNSIGNED DEFAULT NULL,
  `competency_id` bigint(20) UNSIGNED DEFAULT NULL,
  `created_at` timestamp NULL DEFAULT NULL,
  `updated_at` timestamp NULL DEFAULT NULL
) ENGINE=InnoDB DEFAULT CHARSET=utf8 COLLATE=utf8_unicode_ci;

--
-- Dumping data untuk tabel `activities`
--

INSERT INTO `activities` (`id`, `date`, `user_id`, `classification_id`, `equipment_id`, `start_time`, `finish_time`, `description`, `report`, `efficiency_id`, `competency_id`, `created_at`, `updated_at`) VALUES
(2, '2020-10-12', 1, 6, 790, '08:41:00', '10:11:00', '<p>&nbsp;Improve description and report with image upload in the input&nbsp;</p>\r\n\r\n<p><img alt=\"\" src=\"http://localhost/isdare/public/images/Penguins_1602520966.jpg\" style=\"float:left; height:50px; width:67px\" /></p>', '<p>&nbsp;Success with no error&nbsp;</p>\r\n\r\n<p><img alt=\"\" src=\"http://localhost/isdare/public/images/Koala_1602521143.jpg\" style=\"float:left; height:50px; width:67px\" /></p>', 5, 5, '2020-10-12 09:46:01', '2020-10-12 09:46:01'),
(3, '2020-10-20', 7, 1, 204, '09:05:00', '12:05:00', '<p>aaaa</p>', '<p>bbb</p>', 5, 5, '2020-10-21 00:05:32', '2020-10-21 00:05:32'),
(4, '2020-10-21', 7, 2, 16, '09:05:00', '11:06:00', '<p>aaaa</p>', '<p>bbbb</p>', 4, 3, '2020-10-21 00:06:16', '2020-10-21 00:06:16'),
(5, '2020-10-21', 7, 5, 1229, '08:30:00', '09:15:00', '<p>aaaa</p>', '<p>bbbb</p>', 3, 5, '2020-10-21 00:07:39', '2020-10-21 00:07:39'),
(6, '2020-10-19', 8, 1, 20, '09:09:00', '15:09:00', '<p>bvc</p>', '<p>jhj</p>', 4, 4, '2020-10-21 00:10:07', '2020-10-21 00:10:07'),
(7, '2020-10-21', 8, 2, 71, '12:10:00', '15:10:00', '<p>jbkj</p>', '<p>bkj</p>', 5, 4, '2020-10-21 00:10:38', '2020-10-21 00:10:38'),
(8, '2020-10-20', 37, 3, 218, '11:11:00', '13:11:00', '<p>jgkj</p>', '<p>jgk</p>', 4, 4, '2020-10-21 00:11:53', '2020-10-21 00:11:53'),
(9, '2020-10-14', 37, 5, 1229, '11:12:00', '12:12:00', '<p>ghhnj</p>', '<p>hgch</p>', 3, 3, '2020-10-21 00:13:14', '2020-10-21 00:13:14'),
(10, '2020-10-20', 118, 7, 1201, '10:14:00', '14:14:00', '<p>hgj</p>', '<p>jkgxr</p>', 3, 4, '2020-10-21 00:14:59', '2020-10-21 00:14:59'),
(11, '2020-10-21', 118, 7, 1214, '11:15:00', '15:15:00', '<p>dhdcg</p>', '<p>gfhgc</p>', 3, 3, '2020-10-21 00:15:33', '2020-10-21 00:15:33'),
(12, '2020-11-07', 1, 4, 1229, '10:20:00', '14:20:00', '<p>Training to be good</p>', '<p>Success</p>', NULL, NULL, '2020-11-19 20:20:45', '2020-11-19 20:20:45'),
(13, '2020-11-01', 11, 4, 1202, '08:39:00', '11:00:00', '<p>Terdapat pelatihan mental dan keselamatan kerja&nbsp;</p>', '<p>Berlangsung lancar</p>', 4, 3, '2020-11-27 00:41:04', '2020-11-27 00:41:04'),
(14, '2020-11-02', 11, 1, 635, '10:41:00', '12:42:00', '<p>Bla Bla Bla</p>', '<p>Wenak</p>', NULL, NULL, '2020-11-27 00:42:29', '2020-11-27 00:42:29'),
(15, '2020-11-12', 12, 6, 1202, '07:50:00', '10:50:00', '<p>sdadsds</p>', '<p>fdfggfg</p>', 3, 4, '2020-11-27 01:51:00', '2020-11-27 01:51:00'),
(16, '2020-11-09', 19, 3, 1237, '08:10:00', '10:52:00', '<p>ada deh</p>', '<p>apa y</p>', 4, 4, '2020-11-27 01:52:35', '2020-11-27 01:52:35');

-- --------------------------------------------------------

--
-- Struktur dari tabel `classifications`
--

CREATE TABLE `classifications` (
  `id` bigint(20) UNSIGNED NOT NULL,
  `classification_name` varchar(255) COLLATE utf8_unicode_ci NOT NULL,
  `created_at` timestamp NULL DEFAULT NULL,
  `updated_at` timestamp NULL DEFAULT NULL
) ENGINE=InnoDB DEFAULT CHARSET=utf8 COLLATE=utf8_unicode_ci;

--
-- Dumping data untuk tabel `classifications`
--

INSERT INTO `classifications` (`id`, `classification_name`, `created_at`, `updated_at`) VALUES
(1, 'Operation', '2020-10-08 03:06:23', '2020-10-08 03:06:23'),
(2, 'Maintenance', '2020-10-08 03:06:33', '2020-10-08 03:06:33'),
(3, 'Repair', '2020-10-08 03:06:41', '2020-10-08 03:06:41'),
(4, 'Training', '2020-10-08 03:06:48', '2020-10-08 03:06:48'),
(5, 'Meeting', '2020-10-08 03:06:56', '2020-10-08 03:06:56'),
(6, 'Improvement', '2020-10-08 03:07:06', '2020-10-08 03:07:06'),
(7, 'Entry Data', '2020-10-08 03:07:13', '2020-10-08 03:07:13');

-- --------------------------------------------------------

--
-- Struktur dari tabel `competencies`
--

CREATE TABLE `competencies` (
  `id` bigint(20) UNSIGNED NOT NULL,
  `competency_name` varchar(255) COLLATE utf8_unicode_ci NOT NULL,
  `created_at` timestamp NULL DEFAULT NULL,
  `updated_at` timestamp NULL DEFAULT NULL
) ENGINE=InnoDB DEFAULT CHARSET=utf8 COLLATE=utf8_unicode_ci;

--
-- Dumping data untuk tabel `competencies`
--

INSERT INTO `competencies` (`id`, `competency_name`, `created_at`, `updated_at`) VALUES
(1, 'Rework', '2020-10-08 07:12:04', '2020-10-08 07:12:04'),
(2, 'Almost Perfect', '2020-10-08 07:12:17', '2020-10-08 07:12:17'),
(3, 'Perfect', '2020-10-08 07:12:29', '2020-10-08 07:12:29'),
(4, 'Exceeds Expectations', '2020-10-08 07:12:56', '2020-10-08 07:12:56'),
(5, 'Improvement', '2020-10-08 07:13:14', '2020-10-08 07:13:14');

-- --------------------------------------------------------

--
-- Struktur dari tabel `departments`
--

CREATE TABLE `departments` (
  `id` bigint(20) UNSIGNED NOT NULL,
  `department_name` varchar(255) COLLATE utf8_unicode_ci NOT NULL,
  `created_at` timestamp NULL DEFAULT NULL,
  `updated_at` timestamp NULL DEFAULT NULL
) ENGINE=InnoDB DEFAULT CHARSET=utf8 COLLATE=utf8_unicode_ci;

--
-- Dumping data untuk tabel `departments`
--

INSERT INTO `departments` (`id`, `department_name`, `created_at`, `updated_at`) VALUES
(1, 'Plant', '2020-10-07 23:45:53', '2020-10-07 23:45:53'),
(2, 'IT', '2020-10-08 02:54:51', '2020-10-08 02:54:51'),
(3, 'Support', '2020-10-08 04:03:45', '2020-10-08 04:03:45'),
(4, 'Dispatch', '2020-10-08 04:04:24', '2020-10-08 04:04:24'),
(5, 'Maintenance', NULL, NULL),
(6, 'Finance Accounting', NULL, NULL),
(7, 'HRGA', NULL, NULL),
(8, 'Operation', NULL, NULL),
(9, 'Purchasing', NULL, NULL),
(10, 'QC', NULL, NULL),
(11, 'SHE', NULL, NULL),
(12, 'Warehouse', NULL, NULL);

-- --------------------------------------------------------

--
-- Struktur dari tabel `efficiencies`
--

CREATE TABLE `efficiencies` (
  `id` bigint(20) UNSIGNED NOT NULL,
  `efficiency_name` varchar(255) COLLATE utf8_unicode_ci NOT NULL,
  `created_at` timestamp NULL DEFAULT NULL,
  `updated_at` timestamp NULL DEFAULT NULL
) ENGINE=InnoDB DEFAULT CHARSET=utf8 COLLATE=utf8_unicode_ci;

--
-- Dumping data untuk tabel `efficiencies`
--

INSERT INTO `efficiencies` (`id`, `efficiency_name`, `created_at`, `updated_at`) VALUES
(1, 'Job Rework', '2020-10-08 06:42:52', '2020-10-08 06:59:54'),
(2, 'Unfinished Work', '2020-10-08 06:43:15', '2020-10-08 06:43:15'),
(3, 'Finish But Slow', '2020-10-08 06:58:02', '2020-10-08 07:00:06'),
(4, 'Finish On Time', '2020-10-08 06:58:52', '2020-10-08 07:00:20'),
(5, 'Finish Faster', '2020-10-08 07:01:28', '2020-10-08 07:01:28');

-- --------------------------------------------------------

--
-- Struktur dari tabel `equipment`
--

CREATE TABLE `equipment` (
  `id` bigint(20) UNSIGNED NOT NULL,
  `equipment_code` varchar(255) COLLATE utf8_unicode_ci NOT NULL,
  `equipment_name` varchar(255) COLLATE utf8_unicode_ci NOT NULL,
  `created_at` timestamp NULL DEFAULT NULL,
  `updated_at` timestamp NULL DEFAULT NULL
) ENGINE=InnoDB DEFAULT CHARSET=utf8 COLLATE=utf8_unicode_ci;

--
-- Dumping data untuk tabel `equipment`
--

INSERT INTO `equipment` (`id`, `equipment_code`, `equipment_name`, `created_at`, `updated_at`) VALUES
(6, 'T31_AS1', 'AIR SLIDE', '2020-10-10 00:42:17', '2020-10-10 00:42:17'),
(7, 'T31_AS2', 'AIR SLIDE', '2020-10-10 00:42:33', '2020-10-10 00:42:33'),
(8, '491_AF1_M2', 'COOLING FAN', '2020-10-10 00:42:46', '2020-10-10 00:42:46'),
(9, '591_AS1', 'Air slide', '2020-10-10 00:42:59', '2020-10-10 00:42:59'),
(10, '491_AF1_M1_MCC', 'MOTOR APRON FEEDER MCC', '2020-10-10 00:43:18', '2020-10-10 00:43:18'),
(11, '491_AF1_M1_LCS', 'LOCAL CONTROL PANEL', '2020-10-10 00:43:33', '2020-10-10 00:43:33'),
(12, '491_AF1_S', 'SPEED MONITOR', '2020-10-10 00:51:21', '2020-10-10 00:51:21'),
(13, '591_AS2', 'Air slide', '2020-10-10 00:51:36', '2020-10-10 00:51:36'),
(14, '591_AS3', 'Air slide', '2020-10-10 00:51:48', '2020-10-10 00:51:48'),
(15, '491_BC1_M2', 'BRAKE', '2020-10-10 00:52:00', '2020-10-10 00:52:00'),
(16, '491_BC1_S', 'SPEED MONITOR', '2020-10-10 00:52:13', '2020-10-10 00:52:13'),
(17, '591_AS4', 'Air slide', '2020-10-10 00:52:30', '2020-10-10 00:52:30'),
(18, '491_BC1_D', 'DRIFT SWITCH', '2020-10-10 00:52:53', '2020-10-10 01:04:26'),
(19, '611_ASA', 'AIR SLIDE', '2020-10-10 00:53:04', '2020-10-10 00:53:04'),
(20, '491_BC1_M1_LCS', 'LOCAL CONTROL PANEL', '2020-10-10 00:53:14', '2020-10-10 00:53:14'),
(21, '491_BF1', 'BAG FILTER', '2020-10-10 00:53:28', '2020-10-10 00:53:28'),
(22, '491_BF1_CTL', 'BAG FILTER CONTROL UNIT', '2020-10-10 00:53:46', '2020-10-10 00:53:46'),
(23, '491_FN1', 'FAN', '2020-10-10 00:53:58', '2020-10-10 00:53:58'),
(24, '491_FN1_M1', 'FAN MOTOR', '2020-10-10 00:54:10', '2020-10-10 00:54:10'),
(25, '611_ASB', 'AIR SLIDE', '2020-10-10 00:54:18', '2020-10-10 00:54:18'),
(26, '491_FN1_M1_LCS', 'LOCAL CONTROL PANEL', '2020-10-10 00:55:24', '2020-10-10 00:55:24'),
(27, '491_RF1', 'ROTARY FEEDER', '2020-10-10 00:55:41', '2020-10-10 00:55:41'),
(28, '491_BW1', 'BELT WEIGHER', '2020-10-10 00:55:57', '2020-10-10 00:55:57'),
(29, '491_MW1', 'TWO WAY DAMPER', '2020-10-10 00:56:16', '2020-10-10 00:56:16'),
(30, '491_MW1_X1,Y1', 'LIMIT SWITCH', '2020-10-10 00:56:32', '2020-10-10 00:56:32'),
(35, '612_ASA', 'AIR SLIDE', '2020-10-10 01:02:39', '2020-10-10 01:02:39'),
(36, '491_BC2_M2', 'BRAKE', '2020-10-10 01:02:52', '2020-10-10 01:02:52'),
(37, '491_BC2_S', 'SPEED MONITOR', '2020-10-10 01:03:02', '2020-10-10 01:03:02'),
(38, '612_ASB', 'AIR SLIDE', '2020-10-10 01:03:21', '2020-10-10 01:03:21'),
(39, '491_BC2_D', 'DRIFT SWITCH', '2020-10-10 01:03:41', '2020-10-10 01:03:41'),
(41, '491_BC2_M1_LCS', 'LOCAL CONTROL PANEL', '2020-10-10 01:05:39', '2020-10-10 01:05:39'),
(42, '491_BF2', 'BAG FILTER', '2020-10-10 01:05:52', '2020-10-10 01:05:52'),
(43, '491_BF2_CTL', 'BAG FILTER CONTROL UNIT', '2020-10-10 01:06:05', '2020-10-10 01:06:05'),
(44, '491_FN2', 'FAN', '2020-10-10 01:06:15', '2020-10-10 01:06:15'),
(45, '491_FN2_M1', 'FAN MOTOR', '2020-10-10 01:06:25', '2020-10-10 01:06:25'),
(46, '611_AS1~8', 'AIR SLIDE', '2020-10-10 01:06:46', '2020-10-10 01:06:46'),
(47, '491_FN2_M1_LCS', 'LOCAL CONTROL PANEL', '2020-10-10 01:06:56', '2020-10-10 01:06:56'),
(48, '491_RF2', 'ROTARY FEEDER', '2020-10-10 01:07:08', '2020-10-10 01:07:08'),
(49, '612_AS1', 'AIR SLIDE', '2020-10-10 01:07:18', '2020-10-10 01:07:18'),
(50, '612_AS2', 'AIR SLIDE', '2020-10-10 01:07:28', '2020-10-10 01:07:28'),
(51, '491_BC3_M2', 'BRAKE', '2020-10-10 01:07:43', '2020-10-10 01:07:43'),
(52, '491_BC3_S', 'SPEED MONITOR', '2020-10-10 01:07:52', '2020-10-10 01:07:52'),
(53, '612_AS3', 'AIR SLIDE', '2020-10-10 01:08:02', '2020-10-10 01:08:02'),
(54, '491_BC3_D', 'DRIFT SWITCH', '2020-10-10 01:08:13', '2020-10-10 01:08:13'),
(55, '612_AS4', 'AIR SLIDE', '2020-10-10 01:09:05', '2020-10-10 01:09:05'),
(56, '491_BC3_M1_LCS', 'LOCAL CONTROL PANEL', '2020-10-10 01:09:18', '2020-10-10 01:09:18'),
(57, '491_BF3', 'BAG FILTER', '2020-10-10 01:09:28', '2020-10-10 01:09:28'),
(58, '491_BF3_CTL', 'BAG FILTER CONTROL UNIT', '2020-10-10 01:11:39', '2020-10-10 01:11:39'),
(59, '491_FN3', 'FAN', '2020-10-10 01:11:51', '2020-10-10 01:11:51'),
(60, '491_FN3_M1', 'FAN MOTOR', '2020-10-10 01:12:08', '2020-10-10 01:12:08'),
(61, '612_AS5', 'AIR SLIDE', '2020-10-10 01:12:16', '2020-10-10 01:12:16'),
(62, '491_FN3_M1_LCS', 'LOCAL CONTROL PANEL', '2020-10-10 01:12:27', '2020-10-10 01:12:27'),
(63, '491_RF3', 'ROTARY FEEDER', '2020-10-10 01:12:40', '2020-10-10 01:12:40'),
(64, '491_BF4', 'BAG FILTER', '2020-10-10 01:12:53', '2020-10-10 01:12:53'),
(65, '491_BF4_CTL', 'BAG FILTER CONTROL UNIT', '2020-10-10 01:13:05', '2020-10-10 01:13:05'),
(66, '491_FN4', 'FAN', '2020-10-10 01:13:17', '2020-10-10 01:13:17'),
(67, '491_FN4_M1', 'FAN MOTOR', '2020-10-10 01:13:28', '2020-10-10 01:13:28'),
(68, '612_AS6', 'AIR SLIDE', '2020-10-10 01:13:43', '2020-10-10 01:13:43'),
(69, '491_FN4_M1_LCS', 'LOCAL CONTROL PANEL', '2020-10-10 01:13:55', '2020-10-10 01:13:55'),
(70, '491_RF4', 'ROTARY FEEDER', '2020-10-10 01:14:08', '2020-10-10 01:14:08'),
(71, '491_AT1', 'AIR TANK', '2020-10-10 01:14:24', '2020-10-10 01:14:24'),
(72, '511_SS1_L1_PV', 'LEVEL TRANSMITTER', '2020-10-10 01:14:38', '2020-10-10 01:14:38'),
(73, '612_AS7', 'AIR SLIDE', '2020-10-10 01:14:48', '2020-10-10 01:14:48'),
(74, '511_AT1', 'AIR TANK', '2020-10-10 01:15:03', '2020-10-10 01:15:03'),
(75, '511_NG1~`13', 'NEEDLE GATE', '2020-10-10 01:15:18', '2020-10-10 01:15:18'),
(76, '511_DF1_M1', 'MOTORIZED ACTUATOR', '2020-10-10 01:15:34', '2020-10-10 01:15:34'),
(77, '511_DF1_X1,Y1', 'PROXIMITY SWITCH', '2020-10-10 01:15:45', '2020-10-10 01:15:45'),
(78, '511_DF1_LCS', 'LOCAL CONTROL PANEL', '2020-10-10 01:15:55', '2020-10-10 01:15:55'),
(79, '511_DF1_M1_MCC', 'MOTORIZED ACTUATOR MCC', '2020-10-10 01:16:06', '2020-10-10 01:16:06'),
(80, '511_DF2_M1', 'MOTORIZED ACTUATOR', '2020-10-10 01:16:26', '2020-10-10 01:16:26'),
(81, '511_DF2_X1,Y1', 'PROXIMITY SWITCH', '2020-10-10 01:16:56', '2020-10-10 01:16:56'),
(82, '511_DF2_LCS', 'LOCAL CONTROL PANEL', '2020-10-10 01:17:06', '2020-10-10 01:17:06'),
(83, '511_DF2_M1_MCC', 'MOTORIZED ACTUATOR MCC', '2020-10-10 01:17:24', '2020-10-10 01:17:24'),
(84, '511_DF3_M1', 'MOTORIZED ACTUATOR', '2020-10-10 01:17:37', '2020-10-10 01:17:37'),
(85, '511_DF3_X1,Y1', 'PROXIMITY SWITCH', '2020-10-10 01:17:48', '2020-10-10 01:17:48'),
(86, '511_DF3_LCS', 'LOCAL CONTROL PANEL', '2020-10-10 01:17:58', '2020-10-10 01:17:58'),
(87, '511_DF3_M1_MCC', 'MOTORIZED ACTUATOR MCC', '2020-10-10 01:18:23', '2020-10-10 01:18:23'),
(88, '511_DF4_M1', 'MOTORIZED ACTUATOR', '2020-10-10 01:18:34', '2020-10-10 01:18:34'),
(89, '511_DF4_X1,Y1', 'PROXIMITY SWITCH', '2020-10-10 01:19:30', '2020-10-10 01:19:30'),
(90, '511_DF4_LCS', 'LOCAL CONTROL PANEL', '2020-10-10 01:19:39', '2020-10-10 01:19:39'),
(91, '511_DF4_M1_MCC', 'MOTORIZED ACTUATOR MCC', '2020-10-10 01:19:52', '2020-10-10 01:19:52'),
(92, '511_DF5_M1', 'MOTORIZED ACTUATOR', '2020-10-10 01:20:02', '2020-10-10 01:20:02'),
(93, '511_DF5_X1,Y1', 'PROXIMITY SWITCH', '2020-10-10 01:20:11', '2020-10-10 01:20:11'),
(94, '511_DF5_LCS', 'LOCAL CONTROL PANEL', '2020-10-10 01:20:22', '2020-10-10 01:20:22'),
(95, '511_DF5_M1_MCC', 'MOTORIZED ACTUATOR MCC', '2020-10-10 01:20:31', '2020-10-10 01:20:31'),
(96, '511_DF6_M1', 'MOTORIZED ACTUATOR', '2020-10-10 01:20:41', '2020-10-10 01:20:41'),
(97, '511_DF6_X1,Y1', 'PROXIMITY SWITCH', '2020-10-10 01:20:50', '2020-10-10 01:20:50'),
(98, '511_DF6_LCS', 'LOCAL CONTROL PANEL', '2020-10-10 01:20:59', '2020-10-10 01:20:59'),
(99, '511_DF6_M1_MCC', 'MOTORIZED ACTUATOR MCC', '2020-10-10 01:21:09', '2020-10-10 01:21:09'),
(100, '511_DF7_M1', 'MOTORIZED ACTUATOR', '2020-10-10 01:21:19', '2020-10-10 01:21:19'),
(101, '511_DF7_X1,Y1', 'PROXIMITY SWITCH', '2020-10-10 01:21:27', '2020-10-10 01:21:27'),
(102, '511_DF7_LCS', 'LOCAL CONTROL PANEL', '2020-10-10 01:21:39', '2020-10-10 01:21:39'),
(103, '511_DF7_M1_MCC', 'MOTORIZED ACTUATOR MCC', '2020-10-10 01:21:48', '2020-10-10 01:21:48'),
(104, '511_DF8_M1', 'MOTORIZED ACTUATOR', '2020-10-10 01:21:57', '2020-10-10 01:21:57'),
(105, '511_DF8_X1,Y1', 'PROXIMITY SWITCH', '2020-10-10 01:22:04', '2020-10-10 01:22:04'),
(106, '511_DF8_LCS', 'LOCAL CONTROL PANEL', '2020-10-10 01:22:13', '2020-10-10 01:22:13'),
(107, '511_DF8_M1_MCC', 'MOTORIZED ACTUATOR MCC', '2020-10-10 01:22:21', '2020-10-10 01:22:21'),
(108, '511_DF9_M1', 'MOTORIZED ACTUATOR', '2020-10-10 01:22:33', '2020-10-10 01:22:33'),
(109, '511_DF9_X1,Y1', 'PROXIMITY SWITCH', '2020-10-10 01:22:43', '2020-10-10 01:22:43'),
(110, '511_DF9_LCS', 'LOCAL CONTROL PANEL', '2020-10-10 01:22:57', '2020-10-10 01:22:57'),
(111, '511_DF9_M1_MCC', 'MOTORIZED ACTUATOR MCC', '2020-10-10 01:23:07', '2020-10-10 01:23:07'),
(112, '511_DF10_M1', 'MOTORIZED ACTUATOR', '2020-10-10 01:23:15', '2020-10-10 01:23:15'),
(113, '511_DF10_X1,Y1', 'PROXIMITY SWITCH', '2020-10-10 01:23:24', '2020-10-10 01:23:24'),
(114, '511_DF10_LCS', 'LOCAL CONTROL PANEL', '2020-10-10 01:23:31', '2020-10-10 01:23:31'),
(115, '511_DF10_M1_MCC', 'MOTORIZED ACTUATOR MCC', '2020-10-10 01:23:39', '2020-10-10 01:23:39'),
(116, '511_DF11_M1', 'MOTORIZED ACTUATOR', '2020-10-10 01:23:59', '2020-10-10 01:23:59'),
(118, '511_DF11_X1,Y1', 'PROXIMITY SWITCH', '2020-10-10 01:24:07', '2020-10-10 01:24:07'),
(119, '511_DF11_LCS', 'LOCAL CONTROL PANEL', '2020-10-10 01:24:16', '2020-10-10 01:24:16'),
(120, '511_DF11_M1_MCC', 'MOTORIZED ACTUATOR MCC', '2020-10-10 01:24:28', '2020-10-10 01:24:28'),
(121, '511_DF12_M1', 'MOTORIZED ACTUATOR', '2020-10-10 01:24:41', '2020-10-10 01:24:41'),
(122, '511_DF12_X1,Y1', 'PROXIMITY SWITCH', '2020-10-10 01:24:50', '2020-10-10 01:24:50'),
(123, '511_DF12_LCS', 'LOCAL CONTROL PANEL', '2020-10-10 01:24:58', '2020-10-10 01:24:58'),
(124, '511_DF12_M1_MCC', 'MOTORIZED ACTUATOR MCC', '2020-10-10 01:25:05', '2020-10-10 01:25:05'),
(125, '511_DF13_M1', 'MOTORIZED ACTUATOR', '2020-10-10 01:25:14', '2020-10-10 01:25:14'),
(126, '511_DF13_X1,Y1', 'PROXIMITY SWITCH', '2020-10-10 01:25:21', '2020-10-10 01:25:21'),
(127, '511_DF13_LCS', 'LOCAL CONTROL PANEL', '2020-10-10 01:25:30', '2020-10-10 01:25:30'),
(128, '511_DF13_M1_MCC', 'MOTORIZED ACTUATOR MCC', '2020-10-10 01:25:40', '2020-10-10 01:25:40'),
(129, '612_AS8', 'AIR SLIDE', '2020-10-10 01:25:50', '2020-10-10 01:25:50'),
(130, '612_AS9', 'AIR SLIDE', '2020-10-10 01:25:57', '2020-10-10 01:25:57'),
(131, '511_BC1_M2', 'BRAKE', '2020-10-10 01:26:05', '2020-10-10 01:26:05'),
(132, '491_AF1', 'APRON FEEDER', '2020-10-10 01:26:25', '2020-10-10 01:26:25'),
(133, '491_AF1_M1', 'MAIN MOTOR', '2020-10-10 01:26:39', '2020-10-10 01:26:39'),
(134, '511_BC1_D', 'DRIFT SWITCH', '2020-10-10 01:26:48', '2020-10-10 01:26:48'),
(135, '491_AF1_GB', 'GEARBOX', '2020-10-10 01:26:57', '2020-10-10 01:26:57'),
(136, '511_BC1_M1_LCS', 'LOCAL CONTROL PANEL', '2020-10-10 01:27:05', '2020-10-10 01:27:05'),
(137, '661_BW1_M1', 'MOTOR', '2020-10-10 01:27:15', '2020-10-10 01:27:15'),
(138, '662_BW1_M1', 'MOTOR', '2020-10-10 01:27:24', '2020-10-10 01:27:24'),
(139, '511_BC2_M2', 'BRAKE', '2020-10-10 01:27:35', '2020-10-10 01:27:35'),
(140, '661_BN1_M1', 'MOTOR', '2020-10-10 01:27:43', '2020-10-10 01:27:43'),
(141, '662_BN1_M1', 'MOTOR', '2020-10-10 01:27:52', '2020-10-10 01:27:52'),
(142, '511_BC2_D', 'DRIFT SWITCH', '2020-10-10 01:28:01', '2020-10-10 01:28:01'),
(143, '661_BC1', 'BELT', '2020-10-10 01:28:12', '2020-10-10 01:28:12'),
(145, '511_BC2_M1_LCS', 'LOCAL CONTROL PANEL', '2020-10-10 01:28:21', '2020-10-10 01:28:21'),
(146, '662_BC1', 'BELT', '2020-10-10 01:28:28', '2020-10-10 01:28:28'),
(147, '591_BF1', 'BAG FILTER', '2020-10-10 01:28:37', '2020-10-10 01:28:37'),
(148, '511_BC3_M2', 'BRAKE', '2020-10-10 01:28:44', '2020-10-10 01:28:44'),
(149, '491_FN1_M1_MCC', 'FAN MOTOR MCC', '2020-10-10 01:28:54', '2020-10-10 01:28:54'),
(150, '491_FN2_M1_MCC', 'FAN MOTOR MCC', '2020-10-10 01:29:04', '2020-10-10 01:29:04'),
(151, '511_BC3_D', 'DRIFT SWITCH', '2020-10-10 01:29:15', '2020-10-10 01:29:15'),
(152, '491_FN3_M1_MCC', 'FAN MOTOR MCC', '2020-10-10 01:29:27', '2020-10-10 01:29:27'),
(153, '511_BC3_M1_LCS', 'LOCAL CONTROL PANEL', '2020-10-10 01:29:38', '2020-10-10 01:29:38'),
(154, '491_FN4_M1_MCC', 'FAN MOTOR MCC', '2020-10-10 01:29:49', '2020-10-10 01:29:49'),
(155, '511_FN1_M1_MCC', 'FAN MOTOR MCC', '2020-10-10 01:30:03', '2020-10-10 01:30:03'),
(156, '511_BC4_M2', 'BRAKE', '2020-10-10 01:30:11', '2020-10-10 01:30:11'),
(157, '511_FN2_M1_MCC', 'FAN MOTOR MCC', '2020-10-10 01:30:20', '2020-10-10 01:30:20'),
(158, '511_FN3_M1_MCC', 'FAN MOTOR MCC', '2020-10-10 01:30:28', '2020-10-10 01:30:28'),
(159, '511_BC4_D', 'DRIFT SWITCH', '2020-10-10 01:30:38', '2020-10-10 01:30:38'),
(160, '511_FN4_M1_MCC', 'FAN MOTOR MCC', '2020-10-10 01:30:46', '2020-10-10 01:30:46'),
(161, '511_BC4_M1_LCS', 'LOCAL CONTROL PANEL', '2020-10-10 01:30:53', '2020-10-10 01:30:53'),
(162, '511_FN5_M1_MCC', 'FAN MOTOR MCC', '2020-10-10 01:31:01', '2020-10-10 01:31:01'),
(163, '511_FN6_M1_MCC', 'FAN MOTOR MCC', '2020-10-10 01:31:11', '2020-10-10 01:31:11'),
(164, '511_BC5_M2', 'BRAKE', '2020-10-10 01:31:19', '2020-10-10 01:31:19'),
(165, '521_FN1_M1_MCC', 'FAN MOTOR MCC', '2020-10-10 01:31:26', '2020-10-10 01:31:26'),
(166, '521_FN2_M1_MCC', 'FAN MOTOR MCC', '2020-10-10 01:31:35', '2020-10-10 01:31:35'),
(167, '511_BC5_D', 'DRIFT SWITCH', '2020-10-10 01:31:46', '2020-10-10 01:31:46'),
(168, '521_FN3_M1_MCC', 'FAN MOTOR MCC', '2020-10-10 01:31:56', '2020-10-10 01:31:56'),
(169, '511_BC5_M1_LCS', 'LOCAL CONTROL PANEL', '2020-10-10 01:32:05', '2020-10-10 01:32:05'),
(170, '521_FN4_M1_MCC', 'FAN MOTOR MCC', '2020-10-10 01:32:14', '2020-10-10 01:32:14'),
(171, '521_FN5_M1_MCC', 'FAN MOTOR MCC', '2020-10-10 01:32:22', '2020-10-10 01:32:22'),
(172, '511_BC6_M2', 'BRAKE', '2020-10-10 01:32:42', '2020-10-10 01:32:42'),
(173, 'T21_FN1_M1_MCC', 'FAN MOTOR MCC', '2020-10-10 01:32:50', '2020-10-10 01:32:50'),
(174, '531_FN1_M1_MCC', 'FAN MOTOR MCC', '2020-10-10 01:32:58', '2020-10-10 01:32:58'),
(175, '511_BC6_D', 'DRIFT SWITCH', '2020-10-10 01:34:00', '2020-10-10 01:34:00'),
(176, '561_FN1_M1_MCC', 'FAN MOTOR MCC', '2020-10-10 01:34:09', '2020-10-10 01:34:09'),
(177, '511_BC6_M1_LCS', 'LOCAL CONTROL PANEL', '2020-10-10 01:34:21', '2020-10-10 01:34:21'),
(178, '591_FN1', 'FAN', '2020-10-10 01:34:33', '2020-10-10 01:34:33'),
(179, '591_FN1_M1', 'FAN MOTOR', '2020-10-10 01:34:44', '2020-10-10 01:34:44'),
(180, '511_BC7_M2', 'BRAKE', '2020-10-10 01:34:52', '2020-10-10 01:34:52'),
(181, '591_FN1_M1_MCC', 'FAN MOTOR MCC', '2020-10-10 01:35:00', '2020-10-10 01:35:00'),
(182, '561_BH1', 'BAG HOUSE', '2020-10-10 01:35:11', '2020-10-10 01:35:11'),
(183, '511_BC7_D', 'DRIFT SWITCH', '2020-10-10 01:35:19', '2020-10-10 01:35:19'),
(184, '561_BH1_CTL', 'BAG HOUSE CONTROL UNIT', '2020-10-10 01:35:31', '2020-10-10 01:35:31'),
(185, '511_BC7_M1_LCS', 'LOCAL CONTROL PANEL', '2020-10-10 01:35:39', '2020-10-10 01:35:39'),
(186, '511_BF1', 'BAG FILTER', '2020-10-10 01:35:48', '2020-10-10 01:35:48'),
(187, '511_BF1_CTL', 'BAG FILTER CONTROL UNIT', '2020-10-10 01:35:58', '2020-10-10 01:35:58'),
(188, '511_FN1', 'FAN', '2020-10-10 01:36:11', '2020-10-10 01:36:11'),
(189, '511_FN1_M1', 'FAN MOTOR', '2020-10-10 01:36:21', '2020-10-10 01:36:21'),
(190, '491_BC1', 'BELT CONVEYOR', '2020-10-10 01:36:44', '2020-10-10 01:36:44'),
(191, '511_FN1_M1_LCS', 'LOCAL CONTROL PANEL', '2020-10-10 01:36:53', '2020-10-10 01:36:53'),
(192, '511_RF1', 'ROTARY FEEDER', '2020-10-10 01:37:01', '2020-10-10 01:37:01'),
(193, '511_BF2', 'BAG FILTER', '2020-10-10 01:37:12', '2020-10-10 01:37:12'),
(194, '511_BF2_CTL', 'BAG FILTER CONTROL UNIT', '2020-10-10 01:37:23', '2020-10-10 01:37:23'),
(195, '511_FN2', 'FAN', '2020-10-10 01:37:35', '2020-10-10 01:37:35'),
(196, '511_FN2_M1', 'FAN MOTOR', '2020-10-10 01:37:48', '2020-10-10 01:37:48'),
(197, '491_BC1_M1', 'MAIN MOTOR', '2020-10-10 01:38:00', '2020-10-10 01:38:00'),
(198, '511_FN2_M1_LCS', 'LOCAL CONTROL PANEL', '2020-10-10 01:38:14', '2020-10-10 01:38:14'),
(199, '511_RF2', 'ROTARY FEEDER', '2020-10-10 01:38:22', '2020-10-10 01:38:22'),
(200, '511_BF3', 'BAG FILTER', '2020-10-10 01:38:31', '2020-10-10 01:38:31'),
(201, '511_BF3_CTL', 'BAG FILTER CONTROL UNIT', '2020-10-10 01:38:46', '2020-10-10 01:38:46'),
(202, '511_FN3', 'FAN', '2020-10-10 01:38:56', '2020-10-10 01:38:56'),
(203, '511_FN3_M1', 'FAN MOTOR', '2020-10-10 01:39:09', '2020-10-10 01:39:09'),
(204, '491_BC1_R', 'ROPE SWITCH', '2020-10-10 01:39:22', '2020-10-10 01:39:22'),
(205, '511_FN3_M1_LCS', 'LOCAL CONTROL PANEL', '2020-10-10 01:39:30', '2020-10-10 01:39:30'),
(206, '511_RF3', 'ROTARY FEEDER', '2020-10-10 01:39:43', '2020-10-10 01:39:43'),
(207, '511_BF4', 'BAG FILTER', '2020-10-10 01:39:52', '2020-10-10 01:39:52'),
(208, '511_BF4_CTL', 'BAG FILTER CONTROL UNIT', '2020-10-10 01:40:02', '2020-10-10 01:40:02'),
(209, '511_FN4', 'FAN', '2020-10-10 01:40:11', '2020-10-10 01:40:11'),
(210, '511_FN4_M1', 'FAN MOTOR', '2020-10-10 01:40:22', '2020-10-10 01:40:22'),
(211, '491_BC1_M1_MCC', 'MOTOR BELT CONVEYOR MCC', '2020-10-10 01:42:21', '2020-10-10 01:42:21'),
(212, '511_FN4_M1_LCS', 'LOCAL CONTROL PANEL', '2020-10-10 01:42:36', '2020-10-10 01:42:36'),
(213, '511_RF4', 'ROTARY FEEDER', '2020-10-10 01:43:00', '2020-10-10 01:43:00'),
(214, '511_BF5', 'BAG FILTER', '2020-10-10 01:43:10', '2020-10-10 01:43:10'),
(215, '511_BF5_CTL', 'BAG FILTER CONTROL UNIT', '2020-10-10 01:43:23', '2020-10-10 01:43:23'),
(216, '511_FN5', 'FAN', '2020-10-10 01:43:40', '2020-10-10 01:43:40'),
(217, '511_FN5_M1', 'FAN MOTOR', '2020-10-10 01:43:55', '2020-10-10 01:43:55'),
(218, '491_BC2', 'BELT CONVEYOR', '2020-10-10 01:44:11', '2020-10-10 01:44:11'),
(219, '511_FN5_M1_LCS', 'LOCAL CONTROL PANEL', '2020-10-10 01:44:20', '2020-10-10 01:44:20'),
(220, '511_RF5', 'ROTARY FEEDER', '2020-10-10 01:44:28', '2020-10-10 01:44:28'),
(221, '511_BF6', 'BAG FILTER', '2020-10-10 01:44:37', '2020-10-10 01:44:37'),
(222, '511_BF6_CTL', 'BAG FILTER CONTROL UNIT', '2020-10-10 01:44:47', '2020-10-10 01:44:47'),
(223, '511_FN6', 'FAN', '2020-10-10 01:44:57', '2020-10-10 01:44:57'),
(224, '511_FN6_M1', 'FAN MOTOR', '2020-10-10 01:45:11', '2020-10-10 01:45:11'),
(225, '491_BC2_M1', 'MAIN MOTOR', '2020-10-10 01:45:22', '2020-10-10 01:45:22'),
(226, '511_FN6_M1_LCS', 'LOCAL CONTROL PANEL', '2020-10-10 01:45:33', '2020-10-10 01:45:33'),
(227, '511_RF6', 'ROTARY FEEDER', '2020-10-10 01:45:43', '2020-10-10 01:45:43'),
(228, '511_3B1', 'BIN', '2020-10-10 01:45:52', '2020-10-10 01:45:52'),
(229, '511_LL1', 'LOADCELL', '2020-10-10 01:46:03', '2020-10-10 01:46:03'),
(230, '491_BC2_R', 'ROPE SWITCH', '2020-10-10 01:46:11', '2020-10-10 01:46:11'),
(231, '491_BC2_M1_MCC', 'MOTOR BELT CONVEYOR MCC', '2020-10-10 01:46:26', '2020-10-10 01:46:26'),
(232, 'K11_BC1_M2', 'BRAKE', '2020-10-10 01:46:34', '2020-10-10 01:46:34'),
(233, '491_BC3', 'BELT CONVEYOR', '2020-10-10 01:46:46', '2020-10-10 01:46:46'),
(234, '491_BC3_M1', 'MAIN MOTOR', '2020-10-10 01:46:54', '2020-10-10 01:46:54'),
(235, 'K11_BC1_D', 'DRIFT SWITCH', '2020-10-10 01:47:02', '2020-10-10 01:47:02'),
(236, '491_BC3_R', 'ROPE SWITCH', '2020-10-10 01:47:11', '2020-10-10 01:47:11'),
(237, 'K11_BC1_M1_LCS', 'LOCAL CONTROL PANEL', '2020-10-10 01:48:08', '2020-10-10 01:48:08'),
(238, '521_NG1', 'NEEDLE GATE', '2020-10-10 01:48:16', '2020-10-10 01:48:16'),
(239, '521_NG2', 'NEEDLE GATE', '2020-10-10 01:48:25', '2020-10-10 01:48:25'),
(240, '491_BC3_M1_MCC', 'MOTOR BELT CONVEYOR MCC', '2020-10-10 01:48:38', '2020-10-10 01:48:38'),
(241, '511_BC1', 'BELT CONVEYOR', '2020-10-10 01:48:54', '2020-10-10 01:48:54'),
(242, '521_BC1_M2', 'BRAKE', '2020-10-10 01:49:02', '2020-10-10 01:49:02'),
(243, '511_BC1_M1', 'MAIN MOTOR', '2020-10-10 01:49:12', '2020-10-10 01:49:12'),
(244, '511_BC1_S', 'SPEED MONITOR', '2020-10-10 01:49:20', '2020-10-10 01:49:20'),
(245, '521_BC1_D', 'DRIFT SWITCH', '2020-10-10 01:49:29', '2020-10-10 01:49:29'),
(246, '511_BC1_R', 'ROPE SWITCH', '2020-10-10 01:49:38', '2020-10-10 01:49:38'),
(247, '521_BC1_M1_LCS', 'LOCAL CONTROL PANEL', '2020-10-10 01:49:50', '2020-10-10 01:49:50'),
(248, '521_BF1', 'BAG FILTER', '2020-10-10 01:49:59', '2020-10-10 01:49:59'),
(249, '521_BF1_CTL', 'BAG FILTER CONTROL UNIT', '2020-10-10 01:50:09', '2020-10-10 01:50:09'),
(250, '521_FN1', 'FAN', '2020-10-10 01:50:16', '2020-10-10 01:50:16'),
(251, '521_FN1_M1', 'FAN MOTOR', '2020-10-10 01:50:24', '2020-10-10 01:50:24'),
(252, '511_BC1_M1_MCC', 'MOTOR BELT CONVEYOR MCC', '2020-10-10 01:50:37', '2020-10-10 01:50:37'),
(253, '521_FN1_M1_LCS', 'LOCAL CONTROL PANEL', '2020-10-10 01:50:47', '2020-10-10 01:50:47'),
(254, '521_RF1', 'ROTARY FEEDER', '2020-10-10 01:50:57', '2020-10-10 01:50:57'),
(255, '511_BC2', 'BELT CONVEYOR', '2020-10-10 01:51:09', '2020-10-10 01:51:09'),
(256, '511_BC2_M1', 'MAIN MOTOR', '2020-10-10 01:51:25', '2020-10-10 01:51:25'),
(257, '521_BC2_M2', 'BRAKE', '2020-10-10 01:51:34', '2020-10-10 01:51:34'),
(258, '511_BC2_S', 'SPEED MONITOR', '2020-10-10 01:51:45', '2020-10-10 01:51:45'),
(259, '511_BC2_R', 'ROPE SWITCH', '2020-10-10 01:51:58', '2020-10-10 01:51:58'),
(260, '521_BC2_D', 'DRIFT SWITCH', '2020-10-10 01:52:08', '2020-10-10 01:52:08'),
(261, '511_BC2_M1_MCC', 'MOTOR BELT CONVEYOR MCC', '2020-10-10 01:52:22', '2020-10-10 01:52:22'),
(262, '521_BC2_M1_LCS', 'LOCAL CONTROL PANEL', '2020-10-10 01:52:31', '2020-10-10 01:52:31'),
(263, '521_BF2', 'BAG FILTER', '2020-10-10 01:52:39', '2020-10-10 01:52:39'),
(264, '521_BF2_CTL', 'BAG FILTER CONTROL UNIT', '2020-10-10 01:52:49', '2020-10-10 01:52:49'),
(265, '521_FN2', 'FAN', '2020-10-10 01:53:01', '2020-10-10 01:53:01'),
(266, '521_FN2_M1', 'FAN MOTOR', '2020-10-10 01:53:11', '2020-10-10 01:53:11'),
(267, '511_BC3', 'BELT CONVEYOR', '2020-10-10 01:53:19', '2020-10-10 01:53:19'),
(268, '521_FN2_M1_LCS', 'LOCAL CONTROL PANEL', '2020-10-10 01:53:28', '2020-10-10 01:53:28'),
(269, '521_RF2', 'ROTARY FEEDER', '2020-10-10 01:53:36', '2020-10-10 01:53:36'),
(270, '511_BC3_M1', 'MAIN MOTOR', '2020-10-10 01:55:05', '2020-10-10 01:55:05'),
(271, '511_BC3_S', 'SPEED MONITOR', '2020-10-10 01:55:12', '2020-10-10 01:55:12'),
(272, '521_BC3_M2', 'BRAKE', '2020-10-10 01:55:22', '2020-10-10 01:55:22'),
(273, '511_BC3_R', 'ROPE SWITCH', '2020-10-10 01:55:31', '2020-10-10 01:55:31'),
(274, '511_BC3_M1_MCC', 'MOTOR BELT CONVEYOR MCC', '2020-10-10 01:55:42', '2020-10-10 01:55:42'),
(275, '521_BC3_D', 'DRIFT SWITCH', '2020-10-10 01:55:51', '2020-10-10 01:55:51'),
(276, '511_BC4', 'BELT CONVEYOR', '2020-10-10 01:56:08', '2020-10-10 01:56:08'),
(277, '521_BC3_M1_LCS', 'LOCAL CONTROL PANEL', '2020-10-10 01:56:22', '2020-10-10 01:56:22'),
(278, '521_BF3', 'BAG FILTER', '2020-10-10 01:56:30', '2020-10-10 01:56:30'),
(279, '521_BF3_CTL', 'BAG FILTER CONTROL UNIT', '2020-10-10 01:56:38', '2020-10-10 01:56:38'),
(280, '521_FN3', 'FAN', '2020-10-10 01:56:45', '2020-10-10 01:56:45'),
(281, '521_FN3_M1', 'FAN MOTOR', '2020-10-10 01:56:55', '2020-10-10 01:56:55'),
(282, '511_BC4_M1', 'MAIN MOTOR', '2020-10-10 01:57:26', '2020-10-10 01:57:26'),
(283, '521_FN3_M1_LCS', 'LOCAL CONTROL PANEL', '2020-10-10 01:57:36', '2020-10-10 01:57:36'),
(284, '521_RF3', 'ROTARY FEEDER', '2020-10-10 01:57:44', '2020-10-10 01:57:44'),
(285, '511_BC4_S', 'SPEED MONITOR', '2020-10-10 01:57:53', '2020-10-10 01:57:53'),
(286, '511_BC4_R', 'ROPE SWITCH', '2020-10-10 01:58:02', '2020-10-10 01:58:02'),
(287, '521_BC4_M2', 'BRAKE', '2020-10-10 01:58:12', '2020-10-10 01:58:12'),
(288, '511_BC4_M1_MCC', 'MOTOR BELT CONVEYOR MCC', '2020-10-10 01:58:24', '2020-10-10 01:58:24'),
(289, '511_BC5', 'BELT CONVEYOR', '2020-10-10 01:58:35', '2020-10-10 01:58:35'),
(290, '521_BC4_D', 'DRIFT SWITCH', '2020-10-10 01:58:45', '2020-10-10 01:58:45'),
(291, '511_BC5_M1', 'MAIN MOTOR', '2020-10-10 01:58:54', '2020-10-10 01:58:54'),
(292, '521_BC4_M1_LCS', 'LOCAL CONTROL PANEL', '2020-10-10 01:59:04', '2020-10-10 01:59:04'),
(293, '521_BF4', 'BAG FILTER', '2020-10-10 01:59:14', '2020-10-10 01:59:14'),
(294, '521_BF4_CTL', 'BAG FILTER CONTROL UNIT', '2020-10-10 01:59:30', '2020-10-10 01:59:30'),
(295, '521_FN4', 'FAN', '2020-10-10 01:59:40', '2020-10-10 01:59:40'),
(296, '521_FN4_M1', 'FAN MOTOR', '2020-10-10 01:59:52', '2020-10-10 01:59:52'),
(297, '511_BC5_S', 'SPEED MONITOR', '2020-10-10 02:00:01', '2020-10-10 02:00:01'),
(298, '521_FN4_M1_LCS', 'LOCAL CONTROL PANEL', '2020-10-10 02:00:14', '2020-10-10 02:00:14'),
(299, '521_RF4', 'ROTARY FEEDER', '2020-10-10 02:00:23', '2020-10-10 02:00:23'),
(300, '521_MW1', 'TWO WAY DAMPER', '2020-10-10 02:00:34', '2020-10-10 02:00:34'),
(301, '521_MW2', 'TWO WAY DAMPER', '2020-10-10 02:00:41', '2020-10-10 02:00:41'),
(302, '521_BF5', 'BAG FILTER', '2020-10-10 02:00:50', '2020-10-10 02:00:50'),
(303, '521_BF5_CTL', 'BAG FILTER CONTROL UNIT', '2020-10-10 02:00:59', '2020-10-10 02:00:59'),
(304, '521_FN5', 'FAN', '2020-10-10 02:01:10', '2020-10-10 02:01:10'),
(305, '521_FN5_M1', 'FAN MOTOR', '2020-10-10 02:01:22', '2020-10-10 02:01:22'),
(306, '511_BC5_R', 'ROPE SWITCH', '2020-10-10 02:01:32', '2020-10-10 02:01:32'),
(307, '521_FN5_M1_LCS', 'LOCAL CONTROL PANEL', '2020-10-10 02:01:41', '2020-10-10 02:01:41'),
(308, '521_RF5', 'ROTARY FEEDER', '2020-10-10 02:01:49', '2020-10-10 02:01:49'),
(309, '521_3B1', 'BIN', '2020-10-10 02:02:02', '2020-10-10 02:02:02'),
(310, '521_3B2', 'BIN', '2020-10-10 02:02:12', '2020-10-10 02:02:12'),
(311, '521_3B3', 'BIN', '2020-10-10 02:29:53', '2020-10-10 02:29:53'),
(312, '521_LL1', 'BIN LOADCELL', '2020-10-10 02:30:05', '2020-10-10 02:30:05'),
(313, '521_LL2', 'BIN LOADCELL', '2020-10-10 02:30:14', '2020-10-10 02:30:14'),
(314, '521_LL3', 'BIN LOADCELL', '2020-10-10 02:30:23', '2020-10-10 02:30:23'),
(315, 'T21_3B1', 'FLY ASH BIN', '2020-10-10 02:30:33', '2020-10-10 02:30:33'),
(316, 'T21_BF1', 'BAG FILTER', '2020-10-10 02:30:41', '2020-10-10 02:30:41'),
(317, 'T21_BF1_CTL', 'BAG FILTER CONTROL UNIT', '2020-10-10 02:30:49', '2020-10-10 02:30:49'),
(318, 'T21_FN1', 'FAN', '2020-10-10 02:30:57', '2020-10-10 02:30:57'),
(319, 'T21_FN1_M1', 'FAN MOTOR', '2020-10-10 02:31:07', '2020-10-10 02:31:07'),
(320, '511_BC5_M1_MCC', 'MOTOR BELT CONVEYOR MCC', '2020-10-10 02:31:17', '2020-10-10 02:31:17'),
(321, 'T21_FN1_M1_LCS', 'LOCAL CONTROL PANEL', '2020-10-10 02:31:25', '2020-10-10 02:31:25'),
(322, 'T21_RF1', 'ROTARY FEEDER', '2020-10-10 02:31:35', '2020-10-10 02:31:35'),
(323, 'T31_SG1', 'SHUT OFF GATE', '2020-10-10 02:31:47', '2020-10-10 02:31:47'),
(324, 'T31_MF1', 'MOTOR', '2020-10-10 02:31:59', '2020-10-10 02:31:59'),
(325, '511_BC6', 'BELT CONVEYOR', '2020-10-10 02:32:09', '2020-10-10 02:32:09'),
(326, 'T31_FA1', 'FAN', '2020-10-10 02:32:17', '2020-10-10 02:32:17'),
(327, 'T31_BE1', 'BUCKET ELEVATOR', '2020-10-10 02:32:29', '2020-10-10 02:32:29'),
(328, '511_BC6_M1', 'MAIN MOTOR', '2020-10-10 02:32:38', '2020-10-10 02:32:38'),
(329, 'T31_FA2', 'FAN', '2020-10-10 02:32:47', '2020-10-10 02:32:47'),
(330, 'T31_FA3', 'FAN', '2020-10-10 02:32:55', '2020-10-10 02:32:55'),
(331, 'T31_AT1', 'AIR TANK', '2020-10-10 02:33:01', '2020-10-10 02:33:01'),
(332, '531_NG1', 'NEEDLE GATE', '2020-10-10 02:33:12', '2020-10-10 02:33:12'),
(333, '531_NG2', 'NEEDLE GATE', '2020-10-10 02:33:20', '2020-10-10 02:33:20'),
(335, '531_NG3', 'NEEDLE GATE', '2020-10-10 02:33:30', '2020-10-10 02:33:30'),
(336, '531_NG4', 'NEEDLE GATE', '2020-10-10 02:33:40', '2020-10-10 02:33:40'),
(337, '511_BC6_S', 'SPEED MONITOR', '2020-10-10 02:33:47', '2020-10-10 02:33:47'),
(338, '511_BC6_R', 'ROPE SWITCH', '2020-10-10 02:33:58', '2020-10-10 02:33:58'),
(339, '511_BC6_M1_MCC', 'MOTOR BELT CONVEYOR MCC', '2020-10-10 02:34:30', '2020-10-10 02:34:30'),
(340, '511_BC7', 'BELT CONVEYOR', '2020-10-10 02:34:40', '2020-10-10 02:34:40'),
(341, '511_BC7_M1', 'MAIN MOTOR', '2020-10-10 02:34:49', '2020-10-10 02:34:49'),
(342, '511_BC7_S', 'SPEED MONITOR', '2020-10-10 02:35:00', '2020-10-10 02:35:00'),
(343, '531_BC1_M2', 'BRAKE', '2020-10-10 02:35:07', '2020-10-10 02:35:07'),
(344, '511_BC7_R', 'ROPE SWITCH', '2020-10-10 02:35:16', '2020-10-10 02:35:16'),
(345, '511_BC7_M1_MCC', 'MOTOR BELT CONVEYOR MCC', '2020-10-10 02:35:27', '2020-10-10 02:35:27'),
(346, '531_BC1_D', 'DRIFT SWITCH', '2020-10-10 02:35:37', '2020-10-10 02:35:37'),
(347, 'K11_BC1', 'BELT CONVEYOR', '2020-10-10 02:35:45', '2020-10-10 02:35:45'),
(348, '531_BC1_M1_LCS', 'LOCAL CONTROL PANEL', '2020-10-10 02:35:53', '2020-10-10 02:35:53'),
(349, '531_BF1', 'BAG FILTER', '2020-10-10 02:36:01', '2020-10-10 02:36:01'),
(350, '531_BF1_CTL', 'BAG FILTER CONTROL UNIT', '2020-10-10 02:36:10', '2020-10-10 02:36:10'),
(351, '531_FN1', 'FAN', '2020-10-10 02:36:17', '2020-10-10 02:36:17'),
(352, '531_FN1_M1', 'FAN MOTOR', '2020-10-10 02:36:25', '2020-10-10 02:36:25'),
(353, 'K11_BC1_M1', 'MAIN MOTOR', '2020-10-10 02:36:34', '2020-10-10 02:36:34'),
(354, '531_FN1_M1_LCS', 'LOCAL CONTROL PANEL', '2020-10-10 02:36:46', '2020-10-10 02:36:46'),
(355, '531_AT1', 'AIR TANK', '2020-10-10 02:37:05', '2020-10-10 02:37:05'),
(356, 'K11_BC1_S', 'SPEED MONITOR', '2020-10-10 02:37:13', '2020-10-10 02:37:13'),
(357, 'K11_BC1_R', 'ROPE SWITCH', '2020-10-10 02:37:22', '2020-10-10 02:37:22'),
(358, '531_BC2_M2', 'BRAKE', '2020-10-10 02:37:30', '2020-10-10 02:37:30'),
(359, 'K11_BC1_M1_MCC', 'MOTOR BELT CONVEYOR MCC', '2020-10-10 02:37:40', '2020-10-10 02:37:40'),
(360, '521_BC1', 'BELT CONVEYOR', '2020-10-10 02:37:54', '2020-10-10 02:37:54'),
(361, '531_BC2_D', 'DRIFT SWITCH', '2020-10-10 02:38:03', '2020-10-10 02:38:03'),
(362, '521_BC1_M1', 'LOCAL CONTROL PANEL', '2020-10-10 02:38:30', '2020-10-10 02:38:30'),
(363, '531_BC2_M1_LCS', 'LOCAL CONTROL PANEL', '2020-10-10 02:38:40', '2020-10-10 02:38:40'),
(364, '521_BC1_S', 'SPEED MONITOR', '2020-10-10 02:38:48', '2020-10-10 02:38:48'),
(365, '521_BC1_R', 'ROPE SWITCH', '2020-10-10 02:38:58', '2020-10-10 02:38:58'),
(366, '561_BC1_M2', 'BRAKE', '2020-10-10 02:39:06', '2020-10-10 02:39:06'),
(367, '521_BC1_M1_MCC', 'MOTOR BELT CONVEYOR MCC', '2020-10-10 02:39:17', '2020-10-10 02:39:17'),
(368, '521_BC2', 'BELT CONVEYOR', '2020-10-10 02:39:25', '2020-10-10 02:39:25'),
(369, '561_BC1_D', 'DRIFT SWITCH', '2020-10-10 02:39:33', '2020-10-10 02:39:33'),
(370, '521_BC2_M1', 'MAIN MOTOR', '2020-10-10 02:39:42', '2020-10-10 02:39:42'),
(371, '561_BC1_M1_LCS', 'LOCAL CONTROL PANEL', '2020-10-10 02:39:49', '2020-10-10 02:39:49'),
(372, '561_BF1', 'BAG FILTER', '2020-10-10 02:39:58', '2020-10-10 02:39:58'),
(373, '561_BF1_CTL', 'BAG FILTER CONTROL UNIT', '2020-10-10 02:40:07', '2020-10-10 02:40:07'),
(374, '561_FN1', 'FAN', '2020-10-10 02:40:16', '2020-10-10 02:40:16'),
(375, '561_FN1_M1', 'FAN MOTOR', '2020-10-10 02:40:25', '2020-10-10 02:40:25'),
(376, '521_BC2_S', 'SPEED MONITOR', '2020-10-10 02:40:34', '2020-10-10 02:40:34'),
(377, '561_FN1_M1_LCS', 'LOCAL CONTROL PANEL', '2020-10-10 02:40:49', '2020-10-10 02:40:49'),
(378, '521_BC2_R', 'ROPE SWITCH', '2020-10-10 02:40:59', '2020-10-10 02:40:59'),
(379, '521_BC2_M1_MCC', 'MOTOR BELT CONVEYOR MCC', '2020-10-10 02:41:09', '2020-10-10 02:41:09'),
(380, '521_BC3', 'BELT CONVEYOR', '2020-10-10 02:41:25', '2020-10-10 02:41:25'),
(381, '561_BE1_M1_LCS', 'LOCAL CONTROL PANEL', '2020-10-10 02:41:33', '2020-10-10 02:41:33'),
(382, '561_BE1_M1_MCC', 'MOTOR BUCKET ELEVATOR MCC', '2020-10-10 02:41:53', '2020-10-10 02:41:53'),
(383, '561_BE1_M2', 'MOTOR INCHING', '2020-10-10 02:42:05', '2020-10-10 02:42:05'),
(384, '561_BE1_M2_LCS', 'LOCAL CONTROL PANEL', '2020-10-10 02:42:12', '2020-10-10 02:42:12'),
(385, '561_BE1_M2_MCC', 'MOTOR INCHING MCC', '2020-10-10 02:42:28', '2020-10-10 02:42:28'),
(386, '561_BE1_L1', 'LEVEL SWITCH', '2020-10-10 02:42:45', '2020-10-10 02:42:45'),
(387, '521_BC3_M1', 'MAIN MOTOR', '2020-10-10 02:42:54', '2020-10-10 02:42:54'),
(388, '561_MS1', 'MAGNETIC SEPARATOR', '2020-10-10 02:43:08', '2020-10-10 02:43:08'),
(389, '521_BC3_S', 'SPEED MONITOR', '2020-10-10 02:43:21', '2020-10-10 02:43:21'),
(390, '561_MS1_M1_LCS', 'LOCAL CONTROL PANEL', '2020-10-10 02:43:29', '2020-10-10 02:43:29'),
(391, '561_MT1', 'METAL DETECTOR', '2020-10-10 02:43:45', '2020-10-10 02:43:45'),
(392, '561_MW1', 'TWO WAY DAMPER', '2020-10-10 02:43:53', '2020-10-10 02:43:53'),
(393, '561_MW1_P1', 'PNEUMATIC DAMPER', '2020-10-10 02:44:05', '2020-10-10 02:44:05'),
(394, '561_MW1_X1,Y1', 'LIMIT SWITCH', '2020-10-10 02:44:18', '2020-10-10 02:44:18'),
(395, '561_3B1', 'BIN', '2020-10-10 02:44:29', '2020-10-10 02:44:29'),
(396, '561_LL1', 'LOADCELL', '2020-10-10 02:44:39', '2020-10-10 02:44:39'),
(397, '561_SG1', 'SHUT OFF GATE', '2020-10-10 02:44:50', '2020-10-10 02:44:50'),
(398, '521_BC3_R', 'ROPE SWITCH', '2020-10-10 02:45:06', '2020-10-10 02:45:06'),
(399, '561_MT2', 'METAL DETECTOR', '2020-10-10 02:45:15', '2020-10-10 02:45:15'),
(400, '561_MW2', 'TWO WAY DAMPER', '2020-10-10 02:45:29', '2020-10-10 02:45:29'),
(401, '561_MW2_P1', 'PNEUMATIC DAMPER', '2020-10-10 02:45:40', '2020-10-10 02:45:40'),
(402, '561_MW2_X1,Y1', 'LIMIT SWITCH', '2020-10-10 02:45:49', '2020-10-10 02:45:49'),
(403, '521_BC3_M1_MCC', 'MOTOR BELT CONVEYOR MCC', '2020-10-10 02:46:05', '2020-10-10 02:46:05'),
(404, '561_RF2_M1', 'MOTOR ROTARY FEEDER', '2020-10-10 02:46:27', '2020-10-10 02:46:27'),
(405, '561_RF2_S', 'SPEED MONITOR', '2020-10-10 02:46:38', '2020-10-10 02:46:38'),
(406, '561_RF2_U1', 'INVERTER ROTARY FEEDER', '2020-10-10 02:46:59', '2020-10-10 02:46:59'),
(407, '521_BC4', 'BELT CONVEYOR', '2020-10-10 02:47:17', '2020-10-10 02:47:17'),
(408, '521_BC4_M1', 'MAIN MOTOR', '2020-10-10 02:47:28', '2020-10-10 02:47:28'),
(409, '561_SR1_M1_LCS', 'LOCAL CONTROL PANEL', '2020-10-10 02:47:37', '2020-10-10 02:47:37'),
(410, '561_SR1_M1_T1_PV', 'TEMPERATURE SENSOR MOTOR', '2020-10-10 02:47:54', '2020-10-10 02:47:54'),
(411, '521_BC4_S', 'SPEED MONITOR', '2020-10-10 02:48:04', '2020-10-10 02:48:04'),
(412, '521_BC4_R', 'ROPE SWITCH', '2020-10-10 02:48:16', '2020-10-10 02:48:16'),
(413, '521_BC4_M1_MCC', 'MOTOR BELT CONVEYOR MCC', '2020-10-10 02:48:29', '2020-10-10 02:48:29'),
(414, '531_BC1', 'BELT CONVEYOR', '2020-10-10 02:48:46', '2020-10-10 02:48:46'),
(415, '531_BC1_M1', 'MAIN MOTOR', '2020-10-10 02:48:56', '2020-10-10 02:48:56'),
(416, '531_BC1_S', 'SPEED MONITOR', '2020-10-10 02:49:09', '2020-10-10 02:49:09'),
(417, '531_BC1_R', 'ROPE SWITCH', '2020-10-10 02:49:17', '2020-10-10 02:49:17'),
(418, '531_BC1_M1_MCC', 'MOTOR BELT CONVEYOR MCC', '2020-10-10 02:49:32', '2020-10-10 02:49:32'),
(419, '561_SR1_M3', 'LUBRICATION OIL COOLING FAN', '2020-10-10 02:49:50', '2020-10-10 02:49:50'),
(420, '531_BC2', 'BELT CONVEYOR', '2020-10-10 02:50:02', '2020-10-10 02:50:02'),
(421, '531_BC2_M1', 'MAIN MOTOR', '2020-10-10 02:50:15', '2020-10-10 02:50:15'),
(422, '531_BC2_S', 'SPEED MONITOR', '2020-10-10 02:50:24', '2020-10-10 02:50:24'),
(423, '531_BC2_R', 'ROPE SWITCH', '2020-10-10 02:50:33', '2020-10-10 02:50:33'),
(424, '561_RM1_M1_SGR', 'SWITCHGEAR', '2020-10-10 02:50:46', '2020-10-10 02:50:46'),
(425, '561_RM1_M1_LCS', 'LOCAL CONTROL PANEL', '2020-10-10 02:50:54', '2020-10-10 02:50:54'),
(426, '561_RM1_P1', 'PRESSURE MEASURING OUTLET', '2020-10-10 02:51:17', '2020-10-10 02:51:17'),
(427, '561_RM1_P2', 'PRESSURE TRANSMITTER INLET', '2020-10-10 02:51:34', '2020-10-10 02:51:34'),
(428, '561_RM1_P3', 'DIFFERENTIAL PRESSURE', '2020-10-10 02:51:52', '2020-10-10 02:51:52'),
(429, '561_RM1_T1', 'TEMPERATUR SENSOR OUTLET MILL', '2020-10-10 02:52:11', '2020-10-10 02:52:11'),
(430, '561_RM1_T2', 'TEMPERATUR SENSOR INLET MILL', '2020-10-10 02:52:58', '2020-10-10 02:52:58'),
(431, '561_RM1_T3', 'TEMPERATURE SENSOR', '2020-10-10 02:53:12', '2020-10-10 02:53:12'),
(432, '561_RM1_T4', 'TEMPERATURE SENSOR', '2020-10-10 02:53:23', '2020-10-10 02:53:23'),
(433, '561_RM1_T5', 'TEMPERATURE SENSOR', '2020-10-10 02:53:32', '2020-10-10 02:53:32'),
(434, '561_RM1_T6', 'TEMPERATURE SENSOR', '2020-10-10 02:53:41', '2020-10-10 02:53:41'),
(435, '561_RM1_T7', 'TEMPERATURE SENSOR', '2020-10-10 02:53:50', '2020-10-10 02:53:50'),
(436, '561_RM1_T8', 'TEMPERATURE SENSOR', '2020-10-10 02:54:00', '2020-10-10 02:54:00'),
(437, '561_RM1_T9', 'TEMPERATURE SENSOR', '2020-10-10 02:54:09', '2020-10-10 02:54:09'),
(438, '561_RM1_TA', 'TEMPERATURE SENSOR', '2020-10-10 02:54:21', '2020-10-10 02:54:21'),
(439, '561_RM1_N1', 'VIBRATION TRANSDUCER', '2020-10-10 02:54:39', '2020-10-10 02:54:39'),
(440, '561_RM1_N2', 'VIBRATION SENSOR', '2020-10-10 02:54:52', '2020-10-10 02:54:52'),
(441, '561_RM1_N3', 'VIBRATION SENSOR', '2020-10-10 02:55:01', '2020-10-10 02:55:01'),
(442, '561_RM1_N4', 'VIBRATION SENSOR', '2020-10-10 02:55:11', '2020-10-10 02:55:11'),
(443, '561_RM1_M2', 'VERTICAL MILL INCHING MOTOR', '2020-10-10 02:55:29', '2020-10-10 02:55:29'),
(444, '561_RM1_M2_TB', 'TEMPERATURE SENSOR', '2020-10-10 02:55:41', '2020-10-10 02:55:41'),
(445, '561_RM1_M2_TC', 'TEMPERATURE SENSOR', '2020-10-10 02:55:52', '2020-10-10 02:55:52'),
(446, '561_RM1_M2_TD', 'TEMPERATURE SENSOR', '2020-10-10 02:56:00', '2020-10-10 02:56:00'),
(447, '561_RM1_M2_X1', 'PROXIMITY SWITCH', '2020-10-10 02:56:10', '2020-10-10 02:56:10'),
(448, '561_LQ1_M1', 'PUMP & MOTOR LUBRICATION', '2020-10-10 02:56:25', '2020-10-10 02:56:25'),
(449, '561_LQ2_M1', 'PUMP & MOTOR LUBRICATION', '2020-10-10 02:56:40', '2020-10-10 02:56:40'),
(450, '561_LQ3_M1', 'PUMP & MOTOR LUBRICATION', '2020-10-10 02:56:49', '2020-10-10 02:56:49'),
(451, '561_LQ4_M1', 'PUMP & MOTOR LUBRICATION', '2020-10-10 02:56:57', '2020-10-10 02:56:57'),
(452, '561_LQ5_M1', 'PUMP & MOTOR LUBRICATION', '2020-10-10 02:57:05', '2020-10-10 02:57:05'),
(453, '561_LQ6_M1', 'PUMP & MOTOR LUBRICATION', '2020-10-10 02:57:16', '2020-10-10 02:57:16'),
(454, '561_LQ1_F1', 'FLOW TRANSMITTER', '2020-10-10 02:57:27', '2020-10-10 02:57:27'),
(455, '561_LQ1_F2', 'FLOW TRANSMITTER', '2020-10-10 02:57:35', '2020-10-10 02:57:35'),
(456, '561_LQ1_P1H', 'PRESSURE TRANSMITTER', '2020-10-10 02:57:51', '2020-10-10 02:57:51'),
(457, '561_LQ1_P1', 'DIFFERENTIAL PRESSURE', '2020-10-10 02:58:02', '2020-10-10 02:58:02'),
(458, '561_LQ1_T1', 'TEMPERATURE SENSOR', '2020-10-10 02:58:13', '2020-10-10 02:58:13'),
(459, '561_LQ1_T2', 'TEMPERATURE SENSOR', '2020-10-10 02:58:28', '2020-10-10 02:58:28'),
(460, '561_LQ1_X1,Y1', 'PROXIMITY SWITCH', '2020-10-10 02:58:37', '2020-10-10 02:58:37'),
(461, '561_LQ2_L1', 'LEVEL SWITCH', '2020-10-10 02:58:53', '2020-10-10 02:58:53'),
(462, '561_LQ3_L1', 'LEVEL SWITCH', '2020-10-10 02:59:02', '2020-10-10 02:59:02'),
(463, '561_LQ3_T1', 'TEMPERATURE SENSOR', '2020-10-10 02:59:12', '2020-10-10 02:59:12'),
(464, '561_LQ3_P1', 'DIFFERENTIAL PRESSURE', '2020-10-10 02:59:26', '2020-10-10 02:59:26'),
(465, '531_BC2_M1_MCC', 'MOTOR BELT CONVEYOR MCC', '2020-10-10 02:59:38', '2020-10-10 02:59:38'),
(466, '561_BC1', 'BELT CONVEYOR', '2020-10-10 03:00:01', '2020-10-10 03:00:01'),
(467, '561_FV1_S', 'SPEED SWITCH', '2020-10-10 03:00:14', '2020-10-10 03:00:14'),
(468, '561_BC1_M1', 'MAIN MOTOR', '2020-10-10 03:00:32', '2020-10-10 03:00:32'),
(469, '561_BC1_S', 'SPEED MONITOR', '2020-10-10 03:00:42', '2020-10-10 03:00:42'),
(470, '561_MS2_M1_LCS', 'LOCAL CONTROL PANEL', '2020-10-10 03:00:55', '2020-10-10 03:00:55'),
(471, '561_BC1_R', 'ROPE SWITCH', '2020-10-10 03:01:05', '2020-10-10 03:01:05'),
(472, '561_BC1_M1_MCC', 'MOTOR BELT CONVEYOR MCC', '2020-10-10 03:01:14', '2020-10-10 03:01:14'),
(473, '561_BC2', 'BELT CONVEYOR', '2020-10-10 03:01:23', '2020-10-10 03:01:23'),
(474, '561_BC2_M2', 'BRAKE', '2020-10-10 03:01:31', '2020-10-10 03:01:31'),
(475, '561_BC2_M1', 'MAIN MOTOR', '2020-10-10 03:01:41', '2020-10-10 03:01:41'),
(476, '561_BC2_S', 'SPEED MONITOR', '2020-10-10 03:01:49', '2020-10-10 03:01:49'),
(477, '561_BC2_D', 'DRIFT SWITCH', '2020-10-10 03:01:58', '2020-10-10 03:01:58'),
(478, '561_BC2_R', 'ROPE SWITCH', '2020-10-10 03:02:08', '2020-10-10 03:02:08'),
(479, '561_BC2_M1_LCS', 'LOCAL CONTROL PANEL', '2020-10-10 03:02:15', '2020-10-10 03:02:15'),
(480, '561_AT1', 'AIR TANK', '2020-10-10 03:02:23', '2020-10-10 03:02:23'),
(481, '561_AT2', 'AIR TANK', '2020-10-10 03:02:37', '2020-10-10 03:02:37'),
(482, '561_BC2_M1_MCC', 'MOTOR BELT CONVEYOR MCC', '2020-10-10 03:02:54', '2020-10-10 03:02:54'),
(483, '561_FN2', 'FAN', '2020-10-10 03:03:03', '2020-10-10 03:03:03'),
(484, '691_BC1_M1', 'MOTOR', '2020-10-10 03:03:16', '2020-10-10 03:03:16'),
(485, '691_BC1GR1', 'GEARBOX', '2020-10-10 03:03:24', '2020-10-10 03:03:24'),
(486, '561_FN2_M1_SG', 'MAIN MOTOR SWITCHGEAR', '2020-10-10 03:03:42', '2020-10-10 03:03:42'),
(487, '561_FN2_M1_LCS', 'LOCAL CONTROL PANEL', '2020-10-10 03:03:50', '2020-10-10 03:03:50'),
(488, '561_FN2_M1_T1', 'WINDING TEMPERATURE SENSOR', '2020-10-10 03:04:29', '2020-10-10 03:04:29'),
(489, '561_FN2_M1_T2', 'WINDING TEMPERATURE SENSOR', '2020-10-10 03:04:37', '2020-10-10 03:04:37'),
(490, '561_FN2_M1_T3', 'WINDING TEMPERATURE SENSOR', '2020-10-10 03:04:45', '2020-10-10 03:04:45'),
(491, '561_FN2_M1_T4', 'BEARING TEMPERATUR SENSOR', '2020-10-10 03:05:03', '2020-10-10 03:05:03'),
(492, '561_FN2_M1_T5', 'BEARING TEMPERATUR SENSOR', '2020-10-10 03:05:15', '2020-10-10 03:05:15'),
(493, '561_FN2_M1_T6', 'BEARING TEMPERATUR SENSOR', '2020-10-10 03:05:33', '2020-10-10 03:05:33'),
(494, '561_FN2_M1_T7', 'BEARING TEMPERATUR SENSOR', '2020-10-10 03:05:43', '2020-10-10 03:05:43'),
(495, '561_FN2_N1', 'VIBRATION SENSOR', '2020-10-10 03:05:52', '2020-10-10 03:05:52'),
(496, '561_FN2_N2', 'VIBRATION SENSOR', '2020-10-10 03:06:22', '2020-10-10 03:06:22'),
(497, '691_BC1_BLT', 'BELT', '2020-10-10 03:06:32', '2020-10-10 03:06:32'),
(498, '692_BC1_M1', 'MOTOR', '2020-10-10 03:06:43', '2020-10-10 03:06:43'),
(499, '692_BC1GR1', 'GEARBOX', '2020-10-10 03:06:52', '2020-10-10 03:06:52'),
(500, '561_LD4', 'LOUVER DAMPER FRESH AIR', '2020-10-10 03:07:07', '2020-10-10 03:07:07'),
(501, '692_BC1_BLT', 'BELT', '2020-10-10 03:07:17', '2020-10-10 03:07:17'),
(502, '561_FN3_M1', 'MOTOR SEAL AIR FAN', '2020-10-10 03:07:30', '2020-10-10 03:07:30'),
(503, '561_FN3_M1_LCS', 'LOCAL CONTROL PANEL', '2020-10-10 03:07:39', '2020-10-10 03:07:39'),
(504, '561_FN3_P1', 'SEAL AIR PRESSURE SENSOR', '2020-10-10 03:08:00', '2020-10-10 03:08:00'),
(505, '561_FN3_P2', 'SEAL AIR PRESSURE SENSOR', '2020-10-10 03:08:12', '2020-10-10 03:08:12'),
(506, '561_FN3_P3', 'SEAL AIR PRESSURE SENSOR', '2020-10-10 03:08:21', '2020-10-10 03:08:21'),
(507, '561_BW1', 'BELT WEIGHER', '2020-10-10 03:08:34', '2020-10-10 03:08:34'),
(508, '561_HS1_M1', 'HYDRAULIC SYSTEM MOTOR PUMP', '2020-10-10 03:08:51', '2020-10-10 03:08:51'),
(509, '561_HS1_M2', 'OIL PUMP', '2020-10-10 03:09:01', '2020-10-10 03:09:01'),
(510, '561_HS1_L1', 'HYDRAULIC SYSTEM', '2020-10-10 03:09:14', '2020-10-10 03:09:14'),
(511, '561_HS1_L2', 'HYDRAULIC SYSTEM', '2020-10-10 03:09:21', '2020-10-10 03:09:21'),
(512, '561_HS1_P1', 'HYDRAULIC SYSTEM', '2020-10-10 03:09:31', '2020-10-10 03:09:31'),
(513, '561_HS1_P2', 'HYDRAULIC SYSTEM', '2020-10-10 03:09:40', '2020-10-10 03:09:40'),
(514, '561_HS1_P3', 'HYDRAULIC SYSTEM', '2020-10-10 03:09:47', '2020-10-10 03:09:47'),
(515, '561_HS1_U1', 'HYDRAULIC SYSTEM', '2020-10-10 03:09:56', '2020-10-10 03:09:56'),
(516, '561_SD1', 'LOUVER DAMPER MOTORIZED ACTUATOR', '2020-10-10 03:10:19', '2020-10-10 03:10:19'),
(517, '661_3B1_LS1', 'LEVEL SWITCH HIGH', '2020-10-10 03:10:34', '2020-10-10 03:11:05'),
(518, '661_3B1_LS2', 'LEVEL SWITCH LOW', '2020-10-10 03:10:50', '2020-10-10 03:11:22'),
(519, '662_3B1_LS1', 'LEVEL SWITCH HIGH', '2020-10-10 03:11:37', '2020-10-10 03:11:37'),
(520, '662_3B1_LS2', 'LEVEL SWITCH LOW', '2020-10-10 03:11:46', '2020-10-10 03:11:46'),
(521, '611_3B1_LS1', 'LEVEL SWITCH HIGH', '2020-10-10 03:11:56', '2020-10-10 03:11:56'),
(522, '561_BE1', 'BUCKET ELEVATOR', '2020-10-10 03:12:12', '2020-10-10 03:12:12'),
(523, '561_BE1_M1', 'MOTOR BUCKET ELEVATOR', '2020-10-10 03:12:31', '2020-10-10 03:12:31'),
(524, '561_BE1_X1', 'SPEED MONITOR', '2020-10-10 03:12:41', '2020-10-10 03:12:41'),
(525, '591_BE1_PLY1', 'HEAD PULEY+GB', '2020-10-10 03:12:55', '2020-10-10 03:12:55'),
(526, '591_BE1_PLY2', 'Tail Pulley', '2020-10-10 03:13:09', '2020-10-10 03:13:09'),
(527, '591_BE1_M1', 'MOTOR', '2020-10-10 03:13:21', '2020-10-10 03:13:21'),
(528, '591_BE1_SS1', 'Speed Sensor', '2020-10-10 03:13:35', '2020-10-10 03:13:35'),
(529, '591_BE1_DS1', 'DRIFT SWITCH / TOP', '2020-10-10 03:13:52', '2020-10-10 03:13:52'),
(530, '591_BE1_DS2', 'DRIFT SWITCH / BOTTOM', '2020-10-10 03:14:05', '2020-10-10 03:14:05'),
(531, '591_FA1', 'Fan Airslide', '2020-10-10 03:14:24', '2020-10-10 03:14:24'),
(532, '591_FA1_M1', 'Fan Airslide Motor', '2020-10-10 03:14:41', '2020-10-10 03:14:41'),
(533, '591_FA2', 'Fan Airslide', '2020-10-10 03:14:54', '2020-10-10 03:14:54'),
(534, '591_FA2_M1', 'Fan Airslide Motor', '2020-10-10 03:15:04', '2020-10-10 03:15:04'),
(535, '591_FA3', 'Fan Airslide', '2020-10-10 03:15:15', '2020-10-10 03:15:15'),
(536, '591_FA3_M1', 'Fan Airslide Motor', '2020-10-10 03:15:24', '2020-10-10 03:15:24'),
(537, '661_BE1_PLY1', 'HEAD PULEY+GB', '2020-10-10 03:15:32', '2020-10-10 03:15:32'),
(538, '661_BE1_PLY2', 'Tail Pulley', '2020-10-10 03:15:43', '2020-10-10 03:15:43'),
(539, '661_BE1_CHN1', 'MOTOR', '2020-10-10 03:16:22', '2020-10-10 03:16:22'),
(540, '661_BE1_SS1', 'Speed Sensor', '2020-10-10 03:16:34', '2020-10-10 03:16:34'),
(541, '661_BE1_DS1', 'DRIFT SWITCH / TOP', '2020-10-10 03:16:46', '2020-10-10 03:16:46'),
(542, '661_BE1_DS2', 'DRIFT SWITCH / BOTTOM', '2020-10-10 03:16:58', '2020-10-10 03:16:58'),
(543, '662_BE1_PLY1', 'HEAD PULEY+GB', '2020-10-10 03:17:07', '2020-10-10 03:17:07'),
(544, '591_FN1_M1_LCS', 'LOCAL CONTROL PANEL', '2020-10-10 03:17:15', '2020-10-10 03:17:15'),
(545, '591_VA1_M1', 'MOTOR LOUVRE VALVE', '2020-10-10 03:17:33', '2020-10-10 03:17:33'),
(546, '662_BE1_PLY2', 'Tail Pulley', '2020-10-10 03:17:42', '2020-10-10 03:17:42'),
(547, '591_BF1_CTL', 'BAG FILTER CONTROL UNIT', '2020-10-10 03:17:51', '2020-10-10 03:17:51'),
(548, '591_RF1', 'Rotary', '2020-10-10 03:18:07', '2020-10-10 03:18:07'),
(549, '662_BE1_CHN1', 'MOTOR', '2020-10-10 03:18:17', '2020-10-10 03:18:17'),
(550, '591_RF1_CU1', 'Coupling', '2020-10-10 03:18:30', '2020-10-10 03:18:30'),
(551, '591_RF1_SS1', 'Speed Sensor', '2020-10-10 03:18:48', '2020-10-10 03:18:48'),
(552, '591_RF1_LB1', 'LOCAL BOX CONTROL', '2020-10-10 03:19:01', '2020-10-10 03:19:01'),
(553, '591_BV1', 'BUTTERFLY VALVE', '2020-10-10 03:19:14', '2020-10-10 03:19:14'),
(554, '591_BV2', 'BUTTERFLY VALVE', '2020-10-10 03:19:29', '2020-10-10 03:19:29'),
(565, '662_BE1_DS1', 'DRIFT SWITCH / TOP', '2020-10-10 03:21:21', '2020-10-10 03:21:21'),
(566, '591_BE1_BLT1', 'BELT', '2020-10-10 03:21:30', '2020-10-10 03:21:30'),
(567, '662_BE1_DS2', 'DRIFT SWITCH / BOTTOM', '2020-10-10 03:21:43', '2020-10-10 03:21:43'),
(568, '511_SS1_L2', 'LEVEL SWITCH', '2020-10-10 03:21:51', '2020-10-10 03:21:51'),
(569, '591_BE1_LS1', 'LEVEL SWITCH', '2020-10-10 03:21:59', '2020-10-10 03:21:59'),
(570, '531_WF4', 'WEIGHT FEEDER', '2020-10-10 03:22:12', '2020-10-10 03:22:12'),
(571, '561_EH1', 'ELECTRONIC HOIST', '2020-10-10 03:22:25', '2020-10-10 03:22:25'),
(572, '591_BE1_J1', 'POWER METER', '2020-10-10 03:22:35', '2020-10-10 03:22:35'),
(573, '591_BE1_LB1', 'Local Box / Local Panel Control', '2020-10-10 03:22:58', '2020-10-10 03:22:58'),
(574, '591_FA4', 'FAN AERATION', '2020-10-10 03:23:17', '2020-10-10 03:23:17'),
(575, '591_FA4_M1', 'MOTOR', '2020-10-10 03:23:31', '2020-10-10 03:23:31'),
(576, '591_FA4_CU2', 'Coupling', '2020-10-10 03:23:39', '2020-10-10 03:23:39'),
(577, '591_FA4_VA1', 'VALVE', '2020-10-10 03:23:47', '2020-10-10 03:23:47'),
(578, '591_FA5', 'FAN AERATION', '2020-10-10 03:23:57', '2020-10-10 03:23:57'),
(579, '591_FA5_M1', 'MOTOR', '2020-10-10 03:24:10', '2020-10-10 03:24:10'),
(580, '591_FA5_CU2', 'Coupling', '2020-10-10 03:24:22', '2020-10-10 03:24:22'),
(581, '591_FA5_VA1', 'VALVE', '2020-10-10 03:24:31', '2020-10-10 03:24:31'),
(582, '591_EH1', 'MOTOR HOIST', '2020-10-10 03:24:47', '2020-10-10 03:24:47'),
(583, '591_BF2', 'BAG FILTER UNIT', '2020-10-10 03:25:00', '2020-10-10 03:25:00'),
(584, '591_BF2_VA1', 'VALVE', '2020-10-10 03:25:10', '2020-10-10 03:25:10'),
(585, '591_BF2_RGL1', 'AIR REGULATOR', '2020-10-10 03:26:07', '2020-10-10 03:26:07'),
(586, '591_BF2_LB1', 'LOCAL CONTROL PANEL', '2020-10-10 03:26:14', '2020-10-10 03:26:14'),
(587, '591_VA2_M1', 'MOTOR LOUVRE VALVE', '2020-10-10 03:26:26', '2020-10-10 03:26:26'),
(588, '591_BV3', 'BUTTERFLY VALVE', '2020-10-10 03:26:38', '2020-10-10 03:26:38'),
(589, '591_RF2', 'Rotary', '2020-10-10 03:26:49', '2020-10-10 03:26:49'),
(590, '661_EH1', 'MOTOR HOIST', '2020-10-10 03:26:59', '2020-10-10 03:26:59'),
(591, '591_RF2_CU1', 'Coupling', '2020-10-10 03:27:08', '2020-10-10 03:27:08'),
(592, '591_RF2_SS1', 'Speed Sensor', '2020-10-10 03:27:22', '2020-10-10 03:27:22'),
(593, '591_RF2_LB1', 'LOCAL BOX CONTROL', '2020-10-10 03:27:32', '2020-10-10 03:27:32'),
(594, '591_FN2', 'FAN', '2020-10-10 03:27:39', '2020-10-10 03:27:39'),
(595, '591_FN2_CU1', 'Coupling', '2020-10-10 03:27:48', '2020-10-10 03:27:48'),
(596, '591_BF3', 'BAG FILTER UNIT', '2020-10-10 03:29:22', '2020-10-10 03:29:22'),
(597, '591_BF3_VA1', 'VALVE', '2020-10-10 03:29:39', '2020-10-10 03:29:39'),
(598, '591_BF3_RGL1', 'AIR REGULATOR', '2020-10-10 03:29:50', '2020-10-10 03:29:50'),
(599, '591_BF3_LB1', 'LOCAL CONTROL PANEL', '2020-10-10 03:30:01', '2020-10-10 03:30:01'),
(600, '591_RF3', 'Rotary', '2020-10-10 03:30:12', '2020-10-10 03:30:12'),
(601, '661_EH2', 'MOTOR HOIST', '2020-10-10 03:30:24', '2020-10-10 03:30:24'),
(602, '591_RF3_CU1', 'Coupling', '2020-10-10 03:30:32', '2020-10-10 03:30:32'),
(603, '591_RF3_SS1', 'Speed Sensor', '2020-10-10 03:30:39', '2020-10-10 03:30:39'),
(604, '591_RF3_LB1', 'LOCAL BOX CONTROL', '2020-10-10 03:30:55', '2020-10-10 03:30:55'),
(605, '591_BV6', 'BUTTERFLY VALVE', '2020-10-10 03:31:05', '2020-10-10 03:31:05'),
(606, '591_BV7', 'BUTTERFLY VALVE', '2020-10-10 03:31:15', '2020-10-10 03:31:15'),
(607, '591_FN3', 'FAN', '2020-10-10 03:31:22', '2020-10-10 03:31:22'),
(608, '591_FN3_CU1', 'Coupling', '2020-10-10 03:31:30', '2020-10-10 03:31:30'),
(609, '591_VA3_M1', 'MOTOR LOUVRE VALVE', '2020-10-10 03:31:42', '2020-10-10 03:31:42'),
(610, '591_DG1_M1', 'MOTORIZED ACTUATOR', '2020-10-10 03:31:55', '2020-10-10 03:31:55'),
(611, '591_DG1_XS1', 'PROXIMITY SWITCH', '2020-10-10 03:32:03', '2020-10-10 03:32:03'),
(612, '591_DG1_YS1', 'PROXIMITY SWITCH', '2020-10-10 03:32:11', '2020-10-10 03:32:11'),
(613, '591_DG2_M1', 'MOTORIZED ACTUATOR', '2020-10-10 03:32:24', '2020-10-10 03:32:24'),
(614, '591_DG2_XS1', 'PROXIMITY SWITCH', '2020-10-10 03:32:33', '2020-10-10 03:32:33'),
(615, '591_DG2_YS1', 'PROXIMITY SWITCH', '2020-10-10 03:32:41', '2020-10-10 03:32:41'),
(616, '591_BV5', 'BUTTERFLY VALVE', '2020-10-10 03:32:53', '2020-10-10 03:32:53'),
(617, '662_EH1', 'MOTOR HOIST', '2020-10-10 03:33:02', '2020-10-10 03:33:02'),
(618, '611_3B1', 'BIN', '2020-10-10 03:33:15', '2020-10-10 03:33:15'),
(619, '611_3B1_W1', 'Loadcell 1', '2020-10-10 03:55:06', '2020-10-10 03:55:06'),
(620, '611_3B1_W2', 'Loadcell 2', '2020-10-10 03:55:18', '2020-10-10 03:55:18'),
(622, '611_3B1_W3', 'Loadcell 3', '2020-10-10 03:55:53', '2020-10-10 03:55:53'),
(624, '662_EH2', 'MOTOR HOIST', '2020-10-10 03:56:04', '2020-10-10 03:56:04'),
(625, '611_BF1', 'BAG FILTER UNIT', '2020-10-10 03:56:13', '2020-10-10 03:56:13'),
(626, '611_BF1_VA1', 'VALVE', '2020-10-10 03:56:47', '2020-10-10 03:56:47'),
(627, '611_BF1_RGL1', 'AIR REGULATOR', '2020-10-10 03:57:11', '2020-10-10 03:57:11');
INSERT INTO `equipment` (`id`, `equipment_code`, `equipment_name`, `created_at`, `updated_at`) VALUES
(628, '611_BF3_LB1', 'LOCAL CONTROL PANEL', '2020-10-10 03:57:22', '2020-10-10 03:57:22'),
(629, '611_FN1', 'FAN', '2020-10-10 03:59:22', '2020-10-10 03:59:22'),
(630, '611_FN1_CU1', 'Coupling', '2020-10-10 03:59:34', '2020-10-10 03:59:34'),
(631, '611_FA1', 'FAN AERATION', '2020-10-10 03:59:46', '2020-10-10 03:59:46'),
(632, '611_FA1_M1', 'MOTOR', '2020-10-10 04:00:20', '2020-10-10 04:00:20'),
(633, '611_FA1_CU1', 'Coupling', '2020-10-10 04:00:37', '2020-10-10 04:00:37'),
(634, '611_FA1_VA1', 'VALVE', '2020-10-10 04:00:51', '2020-10-10 04:00:51'),
(635, 'D31_EH1', 'ELECTRIC HOIST', '2020-10-10 04:01:11', '2020-10-10 04:01:11'),
(636, '611_DG1~9_M1', 'MOTORIZED ACTUATOR', '2020-10-10 04:01:38', '2020-10-10 04:01:38'),
(637, '611_DG1~9_XS1', 'PROXIMITY SWITCH', '2020-10-10 04:01:47', '2020-10-10 04:01:47'),
(638, '611_DG1~9_YS1', 'PROXIMITY SWITCH', '2020-10-10 04:01:56', '2020-10-10 04:01:56'),
(639, '611_SG1~9', 'SHUT OFF GATE', '2020-10-10 04:02:08', '2020-10-10 04:02:08'),
(640, 'M61_EH1', 'ELECTRIC HOIST', '2020-10-10 04:02:18', '2020-10-10 04:02:18'),
(641, '611_LM1_M1', 'MOTOR BULK', '2020-10-10 04:02:27', '2020-10-10 04:02:27'),
(642, '561_FV1', 'FLAP VALVE', '2020-10-10 04:02:44', '2020-10-10 04:02:44'),
(643, '561_FV1_M1', 'MOTOR FLAP VALVE', '2020-10-10 04:03:00', '2020-10-10 04:03:00'),
(644, '531_WF2', 'WEIGHT FEEDER', '2020-10-10 04:03:26', '2020-10-10 04:03:26'),
(645, '611_BL1_CU1', 'Coupling', '2020-10-10 04:04:09', '2020-10-10 04:04:09'),
(646, '611_BL1_FLT1', 'FILTER', '2020-10-10 04:04:20', '2020-10-10 04:04:20'),
(647, '561_HS1', 'HYDRAULIC SYSTEM', '2020-10-10 04:04:33', '2020-10-10 04:04:33'),
(648, '561_FN2_M1', 'FAN MOTOR', '2020-10-10 04:04:44', '2020-10-10 04:04:44'),
(649, '611_BL2_CU1', 'Coupling', '2020-10-10 04:04:53', '2020-10-10 04:04:53'),
(650, '611_BL2_FLT1', 'FILTER', '2020-10-10 04:05:03', '2020-10-10 04:05:03'),
(651, '561_FN2_M1_RHE', 'LIQUID STARTER PANEL', '2020-10-10 04:05:16', '2020-10-10 04:05:16'),
(652, 'M61_L1', 'LEVEL SWITCH', '2020-10-10 04:05:27', '2020-10-10 04:05:27'),
(653, '611_BL3_CU1', 'Coupling', '2020-10-10 04:05:37', '2020-10-10 04:05:37'),
(654, '611_BL3_FLT1', 'FILTER', '2020-10-10 04:05:50', '2020-10-10 04:05:50'),
(655, 'M61_L2', 'LEVEL SWITCH', '2020-10-10 04:06:01', '2020-10-10 04:06:01'),
(656, '531_WF1', 'WEIGHT FEEDER', '2020-10-10 04:06:10', '2020-10-10 04:06:10'),
(657, '561_LD1', 'LOUVER DAMPER INLET BF FAN', '2020-10-10 04:06:44', '2020-10-10 04:06:44'),
(658, '561_LD2', 'LOUVER DAMPER EXHAUST', '2020-10-10 04:07:00', '2020-10-10 04:07:00'),
(659, '561_LD3', 'LOUVER DAMPER CIRCULATION', '2020-10-10 04:07:14', '2020-10-10 04:07:14'),
(660, '561_MS1_M1', 'MOTOR MAGNETIC SEPARATOR', '2020-10-10 04:07:30', '2020-10-10 04:07:30'),
(661, '561_MS2', 'MAGNETIC SEPARATOR', '2020-10-10 04:07:48', '2020-10-10 04:07:48'),
(662, '611_WB1_WT1', 'Loadcell Transmitter / Controller', '2020-10-10 04:08:10', '2020-10-10 04:08:10'),
(663, '611_WB1_2V1', 'CCTV', '2020-10-10 04:08:18', '2020-10-10 04:08:18'),
(664, '611_BV1', 'BUTTERFLY VALVE', '2020-10-10 04:08:28', '2020-10-10 04:08:28'),
(665, '611_BV2', 'BUTTERFLY VALVE', '2020-10-10 04:08:37', '2020-10-10 04:08:37'),
(666, '611_TK1', 'AIR TANK', '2020-10-10 04:08:45', '2020-10-10 04:08:45'),
(667, '611_FA2', 'FAN AERATION', '2020-10-10 04:08:53', '2020-10-10 04:08:53'),
(668, '611_FA2_M1', 'MOTOR', '2020-10-10 04:09:02', '2020-10-10 04:09:02'),
(669, '611_FA2_CU1', 'Coupling', '2020-10-10 04:09:12', '2020-10-10 04:09:12'),
(670, '611_FA2_VA1', 'VALVE', '2020-10-10 04:09:20', '2020-10-10 04:09:20'),
(671, '611_FA3', 'Fan Airslide', '2020-10-10 04:09:31', '2020-10-10 04:09:31'),
(672, '611_FA3_M1', 'MOTOR', '2020-10-10 04:09:43', '2020-10-10 04:09:43'),
(673, '611_FA3_CU1', 'Coupling', '2020-10-10 04:09:51', '2020-10-10 04:09:51'),
(674, '611_FA3_VA1', 'VALVE', '2020-10-10 04:09:59', '2020-10-10 04:09:59'),
(675, '561_MS2_M1', 'MOTOR MAGNETIC SEPARATOR', '2020-10-10 04:10:17', '2020-10-10 04:10:17'),
(676, '611_BL1_M1', 'MOTOR BLOWER', '2020-10-10 04:10:30', '2020-10-10 04:10:30'),
(677, '612_3B1_W1', 'Loadcell 1', '2020-10-10 04:10:40', '2020-10-10 04:10:40'),
(678, '612_3B1_W2', 'Loadcell 2', '2020-10-10 04:10:50', '2020-10-10 04:10:50'),
(679, '612_3B1_W3', 'Loadcell 3', '2020-10-10 04:10:58', '2020-10-10 04:10:58'),
(680, '612_3B1_LS1', 'LEVEL SWITCH HIGH', '2020-10-10 04:11:10', '2020-10-10 04:11:10'),
(681, '612_BF1', 'BAG FILTER UNIT', '2020-10-10 04:11:18', '2020-10-10 04:11:18'),
(682, '612_BF1_VA1', 'VALVE', '2020-10-10 04:11:26', '2020-10-10 04:11:26'),
(683, '612_BF1_RGL1', 'AIR REGULATOR', '2020-10-10 04:11:36', '2020-10-10 04:11:36'),
(684, '612_BF3_LB1', 'LOCAL CONTROL PANEL', '2020-10-10 04:11:44', '2020-10-10 04:11:44'),
(685, '612_FN1', 'FAN', '2020-10-10 04:11:51', '2020-10-10 04:11:51'),
(686, '612_FN1_CU1', 'Coupling', '2020-10-10 04:12:00', '2020-10-10 04:12:00'),
(687, '612_FA1', 'FAN AERATION', '2020-10-10 04:12:09', '2020-10-10 04:12:09'),
(688, '612_FA1_M1', 'MOTOR', '2020-10-10 04:12:17', '2020-10-10 04:12:17'),
(689, '612_FA1_CU1', 'Coupling', '2020-10-10 04:12:27', '2020-10-10 04:12:27'),
(690, '612_FA1_VA1', 'VALVE', '2020-10-10 04:12:37', '2020-10-10 04:12:37'),
(691, '611_BL1', 'BLOWER', '2020-10-10 04:12:48', '2020-10-10 04:12:48'),
(692, '611_BL2_M1', 'MOTOR BLOWER', '2020-10-10 04:12:59', '2020-10-10 04:12:59'),
(693, '611_BL2', 'BLOWER', '2020-10-10 04:13:10', '2020-10-10 04:13:10'),
(694, '611_BL3_M1', 'MOTOR BLOWER', '2020-10-10 04:13:20', '2020-10-10 04:13:20'),
(695, '611_BL3', 'BLOWER', '2020-10-10 04:13:28', '2020-10-10 04:13:28'),
(696, '612_BL1_M1', 'MOTOR BLOWER', '2020-10-10 04:13:43', '2020-10-10 04:13:43'),
(697, '612_BL1', 'BLOWER', '2020-10-10 04:13:53', '2020-10-10 04:13:53'),
(698, '612_BL2_M1', 'MOTOR BLOWER', '2020-10-10 04:14:02', '2020-10-10 04:14:02'),
(699, '612_BL2', 'BLOWER', '2020-10-10 04:14:11', '2020-10-10 04:14:11'),
(700, '612_DG1_M1', 'MOTORIZED ACTUATOR', '2020-10-10 04:14:22', '2020-10-10 04:14:22'),
(701, '612_DG2_M1', 'MOTORIZED ACTUATOR', '2020-10-10 04:14:31', '2020-10-10 04:14:31'),
(702, '612_DG3_M1', 'MOTORIZED ACTUATOR', '2020-10-10 04:14:39', '2020-10-10 04:14:39'),
(703, '612_DG4_M1', 'MOTORIZED ACTUATOR', '2020-10-10 04:14:48', '2020-10-10 04:14:48'),
(704, '612_DG5_M1', 'MOTORIZED ACTUATOR', '2020-10-10 04:14:57', '2020-10-10 04:14:57'),
(705, '612_DG6_M1', 'MOTORIZED ACTUATOR', '2020-10-10 04:15:05', '2020-10-10 04:15:05'),
(706, '612_DG7_M1', 'MOTORIZED ACTUATOR', '2020-10-10 04:15:14', '2020-10-10 04:15:14'),
(707, '612_DG8_M1', 'MOTORIZED ACTUATOR', '2020-10-10 04:15:22', '2020-10-10 04:15:22'),
(708, '612_DG9_M1', 'MOTORIZED ACTUATOR', '2020-10-10 04:15:29', '2020-10-10 04:15:29'),
(709, '612_DG1_XS1', 'PROXIMITY SWITCH', '2020-10-10 04:15:39', '2020-10-10 04:15:39'),
(710, '612_DG2_XS1', 'PROXIMITY SWITCH', '2020-10-10 04:15:47', '2020-10-10 04:15:47'),
(711, '612_DG3_XS1', 'PROXIMITY SWITCH', '2020-10-10 04:15:55', '2020-10-10 04:15:55'),
(712, '612_DG4_XS1', 'PROXIMITY SWITCH', '2020-10-10 04:16:02', '2020-10-10 04:16:02'),
(713, '612_DG5_XS1', 'PROXIMITY SWITCH', '2020-10-10 04:16:09', '2020-10-10 04:16:09'),
(714, '612_DG6_XS1', 'PROXIMITY SWITCH', '2020-10-10 04:16:17', '2020-10-10 04:16:17'),
(715, '612_DG7_XS1', 'PROXIMITY SWITCH', '2020-10-10 04:16:26', '2020-10-10 04:16:26'),
(716, '612_DG8_XS1', 'PROXIMITY SWITCH', '2020-10-10 04:16:34', '2020-10-10 04:16:34'),
(717, '612_DG9_XS1', 'PROXIMITY SWITCH', '2020-10-10 04:16:45', '2020-10-10 04:16:45'),
(718, '612_DG1_YS1', 'PROXIMITY SWITCH', '2020-10-10 04:16:53', '2020-10-10 04:16:53'),
(719, '612_DG2_YS1', 'PROXIMITY SWITCH', '2020-10-10 04:17:01', '2020-10-10 04:17:01'),
(720, '612_DG3_YS1', 'PROXIMITY SWITCH', '2020-10-10 04:17:09', '2020-10-10 04:17:09'),
(721, '612_DG4_YS1', 'PROXIMITY SWITCH', '2020-10-10 04:24:44', '2020-10-10 04:24:44'),
(722, '612_DG5_YS1', 'PROXIMITY SWITCH', '2020-10-10 04:24:52', '2020-10-10 04:24:52'),
(723, '612_DG6_YS1', 'PROXIMITY SWITCH', '2020-10-10 04:24:59', '2020-10-10 04:24:59'),
(724, '612_DG7_YS1', 'PROXIMITY SWITCH', '2020-10-10 04:25:06', '2020-10-10 04:25:06'),
(725, '612_DG8_YS1', 'PROXIMITY SWITCH', '2020-10-10 04:25:14', '2020-10-10 04:25:14'),
(726, '612_DG9_YS1', 'PROXIMITY SWITCH', '2020-10-10 04:25:22', '2020-10-10 04:25:22'),
(727, '612_SG1', 'SHUT OFF GATE', '2020-10-10 04:25:29', '2020-10-10 04:25:29'),
(728, '612_SG2', 'SHUT OFF GATE', '2020-10-10 04:25:38', '2020-10-10 04:25:38'),
(729, '612_SG3', 'SHUT OFF GATE', '2020-10-10 04:25:46', '2020-10-10 04:25:46'),
(730, '612_SG4', 'SHUT OFF GATE', '2020-10-10 04:25:54', '2020-10-10 04:25:54'),
(731, '612_SG5', 'SHUT OFF GATE', '2020-10-10 04:26:02', '2020-10-10 04:26:02'),
(732, '612_SG6', 'SHUT OFF GATE', '2020-10-10 04:26:10', '2020-10-10 04:26:10'),
(733, '612_SG7', 'SHUT OFF GATE', '2020-10-10 04:26:17', '2020-10-10 04:26:17'),
(734, '612_SG8', 'SHUT OFF GATE', '2020-10-10 04:26:25', '2020-10-10 04:26:25'),
(735, '612_SG9', 'SHUT OFF GATE', '2020-10-10 04:26:31', '2020-10-10 04:26:31'),
(736, '612_BL3_M1', 'MOTOR BLOWER', '2020-10-10 04:26:44', '2020-10-10 04:26:44'),
(737, '612_LM1_M1', 'MOTOR BULK', '2020-10-10 04:26:54', '2020-10-10 04:26:54'),
(738, '612_BL3', 'BLOWER', '2020-10-10 04:27:06', '2020-10-10 04:27:06'),
(739, '611_MV1~6_M1', 'MOTOR VALVE', '2020-10-10 04:27:28', '2020-10-10 04:27:28'),
(740, '612_MV1_M1', 'MOTOR VALVE', '2020-10-10 04:27:39', '2020-10-10 04:27:39'),
(741, '612_MV2_M1', 'MOTOR VALVE', '2020-10-10 04:27:49', '2020-10-10 04:27:49'),
(742, '612_MV3_M1', 'MOTOR VALVE', '2020-10-10 04:28:00', '2020-10-10 04:28:00'),
(743, '612_MV4_M1', 'MOTOR VALVE', '2020-10-10 04:28:09', '2020-10-10 04:28:09'),
(744, '612_MV5_M1', 'MOTOR VALVE', '2020-10-10 04:28:17', '2020-10-10 04:28:17'),
(745, '612_MV6_M1', 'MOTOR VALVE', '2020-10-10 04:28:26', '2020-10-10 04:28:26'),
(746, '612_BL1_CU1', 'Coupling', '2020-10-10 04:28:35', '2020-10-10 04:28:35'),
(747, '612_BL1_FLT1', 'FILTER', '2020-10-10 04:28:43', '2020-10-10 04:28:43'),
(748, '611_LM1_GB1', 'GEARBOX', '2020-10-10 04:28:51', '2020-10-10 04:28:51'),
(749, '612_LM1_GB1', 'GEARBOX', '2020-10-10 04:29:00', '2020-10-10 04:29:00'),
(750, '612_BL2_CU1', 'Coupling', '2020-10-10 04:29:08', '2020-10-10 04:29:08'),
(751, '612_BL2_FLT1', 'FILTER', '2020-10-10 04:29:15', '2020-10-10 04:29:15'),
(752, '661_PM1_M1', 'MOTOR ROTATING DRIVE', '2020-10-10 04:29:30', '2020-10-10 04:29:30'),
(753, '661_PM1_LS2', 'LEVEL SWITCH', '2020-10-10 04:29:38', '2020-10-10 04:29:38'),
(754, '612_BL3_CU1', 'Coupling', '2020-10-10 04:29:46', '2020-10-10 04:29:46'),
(755, '612_BL3_FLT1', 'FILTER', '2020-10-10 04:29:59', '2020-10-10 04:29:59'),
(756, '662_PM1_M1', 'MOTOR ROTATING DRIVE', '2020-10-10 04:30:10', '2020-10-10 04:30:10'),
(757, '662_PM1_LS2', 'LEVEL SWITCH', '2020-10-10 04:30:17', '2020-10-10 04:30:17'),
(758, '561_RF1', 'ROTARY FEEDER', '2020-10-10 04:30:25', '2020-10-10 04:30:25'),
(759, '561_RF2', 'ROTARY FEEDER', '2020-10-10 04:30:36', '2020-10-10 04:30:36'),
(760, '561_RF3', 'ROTARY FEEDER', '2020-10-10 04:30:46', '2020-10-10 04:30:46'),
(761, '561_RF4', 'ROTARY FEEDER', '2020-10-10 04:30:54', '2020-10-10 04:30:54'),
(762, '561_RF5', 'ROTARY FEEDER', '2020-10-10 04:31:02', '2020-10-10 04:31:02'),
(763, '612_WB1_WT1', 'Loadcell Transmitter / Controller', '2020-10-10 04:31:12', '2020-10-10 04:31:12'),
(764, '612_WB1_2V1', 'CCTV', '2020-10-10 04:31:19', '2020-10-10 04:31:19'),
(765, '612_BV1', 'BUTTERFLY VALVE', '2020-10-10 04:31:27', '2020-10-10 04:31:27'),
(766, '612_BV2', 'BUTTERFLY VALVE', '2020-10-10 04:31:34', '2020-10-10 04:31:34'),
(767, '612_TK1', 'AIR TANK', '2020-10-10 04:31:41', '2020-10-10 04:31:41'),
(768, '612_FA2', 'FAN AERATION', '2020-10-10 04:31:55', '2020-10-10 04:31:55'),
(769, '612_FA2_M1', 'MOTOR', '2020-10-10 04:32:03', '2020-10-10 04:32:03'),
(770, '612_FA2_CU1', 'Coupling', '2020-10-10 04:32:10', '2020-10-10 04:32:10'),
(771, '612_FA2_VA1', 'VALVE', '2020-10-10 04:32:18', '2020-10-10 04:32:18'),
(772, '612_FA3', 'FAN AIR SLIDE', '2020-10-10 04:32:28', '2020-10-10 04:32:28'),
(773, '612_FA3_M1', 'MOTOR', '2020-10-10 04:33:15', '2020-10-10 04:33:15'),
(774, '612_FA3_CU1', 'Coupling', '2020-10-10 04:33:25', '2020-10-10 04:33:25'),
(775, '612_FA3_VA1', 'VALVE', '2020-10-10 04:33:32', '2020-10-10 04:33:32'),
(776, '561_RF6', 'ROTARY FEEDER', '2020-10-10 04:33:39', '2020-10-10 04:33:39'),
(777, '561_RF7', 'ROTARY FEEDER', '2020-10-10 04:33:46', '2020-10-10 04:33:46'),
(778, '561_RF8', 'ROTARY FEEDER', '2020-10-10 04:33:54', '2020-10-10 04:33:54'),
(779, '561_RF9', 'ROTARY FEEDER', '2020-10-10 04:34:02', '2020-10-10 04:34:02'),
(780, '661_BE1_BLT1', 'BELT', '2020-10-10 04:34:12', '2020-10-10 04:34:12'),
(781, '561_RFA', 'ROTARY FEEDER', '2020-10-10 04:34:21', '2020-10-10 04:34:21'),
(782, '561_RFB', 'ROTARY FEEDER', '2020-10-10 04:34:28', '2020-10-10 04:34:28'),
(783, '661_BE1_LS1', 'LEVEL SWITCH', '2020-10-10 04:34:35', '2020-10-10 04:34:35'),
(784, '561_RFC', 'ROTARY FEEDER', '2020-10-10 04:34:44', '2020-10-10 04:34:44'),
(785, '561_RFD', 'ROTARY FEEDER', '2020-10-10 04:34:52', '2020-10-10 04:34:52'),
(786, '661_BE1_J1', 'POWER METER', '2020-10-10 04:35:04', '2020-10-10 04:35:04'),
(787, '661_BE1_LB1', 'Local Box / Local Panel Control', '2020-10-10 04:35:18', '2020-10-10 04:35:18'),
(788, '661_FN2', 'FAN', '2020-10-10 04:35:25', '2020-10-10 04:35:25'),
(789, '661_FN2_CU1', 'Coupling', '2020-10-10 04:35:31', '2020-10-10 04:35:31'),
(790, '661_VA2_M1', 'MOTOR', '2020-10-10 04:35:39', '2020-10-10 04:35:39'),
(791, '661_VA2_LB1', 'LOCAL BOX', '2020-10-10 04:35:54', '2020-10-10 04:35:54'),
(792, '661_BV1', 'BUTTERFLY VALVE', '2020-10-10 04:36:02', '2020-10-10 04:36:02'),
(793, '661_BV2', 'BUTTERFLY VALVE', '2020-10-10 04:36:09', '2020-10-10 04:36:09'),
(794, '661_BV3', 'BUTTERFLY VALVE', '2020-10-10 04:36:17', '2020-10-10 04:36:17'),
(795, '661_BV4', 'BUTTERFLY VALVE', '2020-10-10 04:36:26', '2020-10-10 04:36:26'),
(796, '661_BV5', 'BUTTERFLY VALVE', '2020-10-10 04:36:33', '2020-10-10 04:36:33'),
(797, '661_BV6', 'BUTTERFLY VALVE', '2020-10-10 04:36:40', '2020-10-10 04:36:40'),
(798, '661_BV7', 'BUTTERFLY VALVE', '2020-10-10 04:36:48', '2020-10-10 04:36:48'),
(799, '661_SG1_PNM1', 'PNEUMATIC', '2020-10-10 04:36:58', '2020-10-10 04:36:58'),
(800, '661_SG1_XS1', 'PROXIMITY SWITCH', '2020-10-10 04:37:08', '2020-10-10 04:37:08'),
(801, '661_SG1_YS1', 'PROXIMITY SWITCH', '2020-10-10 04:37:21', '2020-10-10 04:37:21'),
(802, '561_RFE', 'ROTARY FEEDER', '2020-10-10 04:37:29', '2020-10-10 04:37:29'),
(803, '591_RF1_GR1', 'REDUCER', '2020-10-10 04:37:38', '2020-10-10 04:37:38'),
(804, '661_3B1_FRM1', 'Frame / Body', '2020-10-10 04:37:49', '2020-10-10 04:37:49'),
(805, '661_VS1_M1', 'MOTOR', '2020-10-10 04:37:56', '2020-10-10 04:37:56'),
(806, '661_VS1_PLY1', 'HEAD PULLEY', '2020-10-10 04:38:09', '2020-10-10 04:38:09'),
(807, '661_VS1_PLY2', 'Tail Pulley', '2020-10-10 04:38:17', '2020-10-10 04:38:17'),
(808, '591_RF2_GR1', 'REDUCER', '2020-10-10 04:38:25', '2020-10-10 04:38:25'),
(809, '591_RF3_GR1', 'REDUCER', '2020-10-10 04:38:32', '2020-10-10 04:38:32'),
(810, '661_RF1_GR1', 'REDUCER', '2020-10-10 04:38:39', '2020-10-10 04:38:39'),
(811, '661_VS1_LB1', 'LOCAL BOX CONTROL', '2020-10-10 04:38:51', '2020-10-10 04:38:51'),
(812, '661_RF2_GR1', 'REDUCER', '2020-10-10 04:39:01', '2020-10-10 04:39:01'),
(813, '661_PM1_M2', 'MOTOR IMPELLER DRIVE', '2020-10-10 04:39:14', '2020-10-10 04:39:14'),
(814, '661_PM1_M3', 'MOTOR ROTARY SPOUT 1', '2020-10-10 04:39:33', '2020-10-10 04:39:33'),
(815, '661_PM1_M4', 'MOTOR ROTARY SPOUT 2', '2020-10-10 04:39:44', '2020-10-10 04:39:44'),
(816, '661_PM1_M5', 'MOTOR ROTARY SPOUT 3', '2020-10-10 04:39:57', '2020-10-10 04:39:57'),
(817, '661_PM1_M6', 'MOTOR ROTARY SPOUT 4', '2020-10-10 04:40:12', '2020-10-10 04:40:12'),
(818, '661_PM1_M7', 'MOTOR ROTARY SPOUT 5', '2020-10-10 04:40:22', '2020-10-10 04:40:22'),
(819, '661_PM1_M8', 'MOTOR ROTARY SPOUT 6', '2020-10-10 04:40:36', '2020-10-10 04:40:36'),
(822, '661_PM1_M9', 'MOTOR ROTARY SPOUT 7', '2020-10-10 09:29:43', '2020-10-10 09:29:43'),
(829, '661_PM1_M10', 'MOTOR ROTARY SPOUT 8', '2020-10-10 09:30:25', '2020-10-10 09:30:25'),
(830, '661_PM1_BV1', 'BUTTERFLY VALVE', '2020-10-10 09:30:37', '2020-10-10 09:30:37'),
(831, '661_PM1_PMT11', 'PNEUMATIC BAG FILLING SPOUT 1', '2020-10-10 09:30:57', '2020-10-10 09:30:57'),
(832, '661_PM1_PMT12', 'PNEUMATIC BAG FILLING SPOUT 2', '2020-10-10 09:31:11', '2020-10-10 09:31:11'),
(833, '661_PM1_PMT13', 'PNEUMATIC BAG FILLING SPOUT 3', '2020-10-10 09:31:22', '2020-10-10 09:31:22'),
(834, '661_PM1_PMT14', 'PNEUMATIC BAG FILLING SPOUT 4', '2020-10-10 09:31:37', '2020-10-10 09:31:37'),
(835, '661_PM1_PMT15', 'PNEUMATIC BAG FILLING SPOUT 5', '2020-10-10 09:31:49', '2020-10-10 09:31:49'),
(836, '661_PM1_PMT16', 'PNEUMATIC BAG FILLING SPOUT 6', '2020-10-10 09:32:01', '2020-10-10 09:32:01'),
(837, '661_PM1_PMT17', 'PNEUMATIC BAG FILLING SPOUT 7', '2020-10-10 09:32:20', '2020-10-10 09:32:20'),
(842, '661_PM1_PMT18', 'PNEUMATIC BAG FILLING SPOUT 8', '2020-10-10 09:33:12', '2020-10-10 09:33:12'),
(843, '661_PM1_PMT21', 'PNEUMATIC BAG CLAMP SPOUT 1', '2020-10-10 09:33:31', '2020-10-10 09:33:31'),
(844, '661_PM1_PMT22', 'PNEUMATIC BAG CLAMP SPOUT 2', '2020-10-10 09:33:48', '2020-10-10 09:33:48'),
(845, '661_PM1_PMT23', 'PNEUMATIC BAG CLAMP SPOUT 3', '2020-10-10 09:33:59', '2020-10-10 09:33:59'),
(846, '661_PM1_PMT24', 'PNEUMATIC BAG CLAMP SPOUT 4', '2020-10-10 09:34:13', '2020-10-10 09:34:13'),
(847, '661_PM1_PMT25', 'PNEUMATIC BAG CLAMP SPOUT 5', '2020-10-10 09:34:27', '2020-10-10 09:34:27'),
(848, '661_PM1_PMT26', 'PNEUMATIC BAG CLAMP SPOUT 6', '2020-10-10 09:34:39', '2020-10-10 09:34:39'),
(849, '661_PM1_PMT27', 'PNEUMATIC BAG CLAMP SPOUT 7', '2020-10-10 09:34:54', '2020-10-10 09:34:54'),
(850, '661_PM1_PMT28', 'PNEUMATIC BAG CLAMP SPOUT 8', '2020-10-10 09:35:15', '2020-10-10 09:35:15'),
(851, '661_PM1_PMT31', 'PNEUMATIC BAG DROP SPOUT 1', '2020-10-10 09:35:37', '2020-10-10 09:35:37'),
(852, '661_PM1_PMT32', 'PNEUMATIC BAG DROP SPOUT 2', '2020-10-10 09:35:58', '2020-10-10 09:35:58'),
(853, '661_PM1_PMT33', 'PNEUMATIC BAG DROP SPOUT 3', '2020-10-10 09:36:15', '2020-10-10 09:36:15'),
(854, '661_PM1_PMT34', 'PNEUMATIC BAG DROP SPOUT 4', '2020-10-10 09:36:34', '2020-10-10 09:36:34'),
(855, '661_PM1_PMT35', 'PNEUMATIC BAG DROP SPOUT 5', '2020-10-10 09:36:50', '2020-10-10 09:36:50'),
(856, '661_PM1_PMT36', 'PNEUMATIC BAG DROP SPOUT 6', '2020-10-10 09:37:05', '2020-10-10 09:37:05'),
(857, '661_PM1_PMT37', 'PNEUMATIC BAG DROP SPOUT 7', '2020-10-10 09:37:16', '2020-10-10 09:37:16'),
(858, '661_PM1_PMT38', 'PNEUMATIC BAG DROP SPOUT 8', '2020-10-10 09:37:31', '2020-10-10 09:37:31'),
(859, '661_PM1_SL1', 'Selenoid Valve Group Spout 1', '2020-10-10 09:38:04', '2020-10-10 09:38:04'),
(860, '661_PM1_SL2', 'Selenoid Valve Group Spout 2', '2020-10-10 09:38:17', '2020-10-10 09:38:17'),
(861, '661_PM1_SL3', 'Selenoid Valve Group Spout 3', '2020-10-10 09:38:27', '2020-10-10 09:38:27'),
(862, '661_PM1_SL4', 'Selenoid Valve Group Spout 4', '2020-10-10 09:38:40', '2020-10-10 09:38:40'),
(863, '661_PM1_SL5', 'Selenoid Valve Group Spout 5', '2020-10-10 09:38:53', '2020-10-10 09:38:53'),
(865, '661_PM1_SL6', 'Selenoid Valve Group Spout 6', '2020-10-10 09:39:10', '2020-10-10 09:39:10'),
(866, '661_PM1_SL7', 'Selenoid Valve Group Spout 7', '2020-10-10 09:39:22', '2020-10-10 09:39:22'),
(867, '661_PM1_SL8', 'Selenoid Valve Group Spout 8', '2020-10-10 09:39:31', '2020-10-10 09:39:31'),
(868, '661_PM1_ZS11', 'Sensor Bag Filling SP1', '2020-10-10 09:39:55', '2020-10-10 09:39:55'),
(869, '661_PM1_ZS12', 'Sensor Bag Filling SP2', '2020-10-10 09:40:20', '2020-10-10 09:40:20'),
(870, '661_PM1_ZS13', 'Sensor Bag Filling SP3', '2020-10-10 09:40:40', '2020-10-10 09:40:40'),
(871, '661_PM1_ZS14', 'Sensor Bag Filling SP4', '2020-10-10 09:40:56', '2020-10-10 09:40:56'),
(873, '661_PM1_ZS15', 'Sensor Bag Filling SP5', '2020-10-10 09:41:12', '2020-10-10 09:41:12'),
(874, '661_PM1_ZS16', 'Sensor Bag Filling SP6', '2020-10-10 09:41:25', '2020-10-10 09:41:25'),
(875, '661_PM1_ZS17', 'Sensor Bag Filling SP7', '2020-10-10 09:41:40', '2020-10-10 09:41:40'),
(876, '661_PM1_ZS18', 'Sensor Bag Filling SP8', '2020-10-10 09:41:53', '2020-10-10 09:41:53'),
(877, '662_RF1_GR1', 'REDUCER', '2020-10-10 09:42:10', '2020-10-10 09:42:10'),
(878, '661_SC1_M1', 'MOTOR', '2020-10-10 09:42:18', '2020-10-10 09:42:18'),
(879, '662_RF2_GR1', 'REDUCER', '2020-10-10 09:42:26', '2020-10-10 09:42:26'),
(880, '661_SC1_CU1', 'Coupling', '2020-10-10 09:42:34', '2020-10-10 09:42:34'),
(881, '591_SM1_M1', 'Motor Sample Taker', '2020-10-10 09:42:45', '2020-10-10 09:42:45'),
(882, '661_SC1_FRM1', 'Frame / Body Screw Conveyor', '2020-10-10 09:43:01', '2020-10-10 09:43:01'),
(884, '661_SC1_SS1', 'Speed Sensor', '2020-10-10 09:43:33', '2020-10-10 09:43:33'),
(885, '661_SC1_LB1', 'LOCAL BOX CONTROL', '2020-10-10 09:43:41', '2020-10-10 09:43:41'),
(886, '661_SC2_M1', 'MOTOR', '2020-10-10 09:43:48', '2020-10-10 09:43:48'),
(887, '661_SC1_GR1', 'REDUCER', '2020-10-10 09:43:55', '2020-10-10 09:43:55'),
(888, '661_SC2_CU1', 'Coupling', '2020-10-10 09:44:04', '2020-10-10 09:44:04'),
(892, '661_SC1', 'Screw', '2020-10-10 09:45:10', '2020-10-10 09:45:10'),
(893, '661_SC2_FRM1', 'Frame / Body Screw Conveyor', '2020-10-10 09:45:20', '2020-10-10 09:45:20'),
(894, '661_SC2_SS1', 'Speed Sensor', '2020-10-10 09:45:27', '2020-10-10 09:45:27'),
(895, '661_SC2_LB1', 'LOCAL BOX CONTROL', '2020-10-10 09:45:35', '2020-10-10 09:45:35'),
(896, '661_FV1', 'FLAP VALVE', '2020-10-10 09:45:43', '2020-10-10 09:45:43'),
(897, '661_FV2', 'FLAP VALVE', '2020-10-10 09:45:51', '2020-10-10 09:45:51'),
(898, '661_FV3', 'FLAP VALVE', '2020-10-10 09:45:58', '2020-10-10 09:45:58'),
(899, '661_FV4', 'FLAP VALVE', '2020-10-10 09:46:06', '2020-10-10 09:46:06'),
(900, '661_BC1_PLY2', 'Tail Pulley', '2020-10-10 09:46:17', '2020-10-10 09:46:17'),
(901, '661_SC2_GR1', 'REDUCER', '2020-10-10 09:46:26', '2020-10-10 09:46:26'),
(902, '661_SC2', 'Screw', '2020-10-10 09:46:36', '2020-10-10 09:46:36'),
(903, '661_BN1', 'BELT', '2020-10-10 09:46:48', '2020-10-10 09:46:48'),
(904, '661_BN1_PLY1', 'HEAD PULLEY', '2020-10-10 09:46:58', '2020-10-10 09:46:58'),
(905, '661_BN1_PLY2', 'Tail Pulley', '2020-10-10 09:47:05', '2020-10-10 09:47:05'),
(906, '662_SC1_GR1', 'REDUCER', '2020-10-10 09:47:14', '2020-10-10 09:47:14'),
(907, '661_BW1', 'REDUCER', '2020-10-10 09:47:22', '2020-10-10 09:47:22'),
(908, '661_BW1_PLY1', 'HEAD PULLEY', '2020-10-10 09:47:30', '2020-10-10 09:47:30'),
(909, '661_BW1_PLY2', 'Tail Pulley', '2020-10-10 09:47:53', '2020-10-10 09:47:53'),
(910, '661_FN1', 'FAN', '2020-10-10 09:48:05', '2020-10-10 09:48:05'),
(911, '661_FN1_CU1', 'Coupling', '2020-10-10 09:48:15', '2020-10-10 09:48:15'),
(920, '661_FN3', 'FAN', '2020-10-10 09:53:00', '2020-10-10 09:53:00'),
(921, '661_FN3_CU1', 'Coupling', '2020-10-10 09:53:09', '2020-10-10 09:53:09'),
(922, '661_BF1', 'BAG FILTER UNIT', '2020-10-10 09:53:21', '2020-10-10 09:53:21'),
(923, '661_BF1_VA1', 'VALVE', '2020-10-10 09:53:27', '2020-10-10 09:53:27'),
(924, '661_BF1_RGL1', 'AIR REGULATOR', '2020-10-10 09:53:36', '2020-10-10 09:53:36'),
(925, '661_BF3_LB1', 'LOCAL CONTROL PANEL', '2020-10-10 09:53:44', '2020-10-10 09:53:44'),
(926, '661_RF1', 'Rotary', '2020-10-10 09:53:54', '2020-10-10 09:53:54'),
(927, '662_SC1', 'Screw', '2020-10-10 09:54:04', '2020-10-10 09:54:04'),
(928, '661_RF1_CU1', 'Coupling', '2020-10-10 09:54:11', '2020-10-10 09:54:11'),
(929, '661_RF1_SS1', 'Speed Sensor', '2020-10-10 09:54:19', '2020-10-10 09:54:19'),
(930, '661_RF1_LB1', 'LOCAL BOX CONTROL', '2020-10-10 09:54:27', '2020-10-10 09:54:27'),
(931, '661_FN4', 'FAN', '2020-10-10 09:54:36', '2020-10-10 09:54:36'),
(932, '661_FN4_CU1', 'Coupling', '2020-10-10 09:54:44', '2020-10-10 09:54:44'),
(933, '661_BF2', 'BAG FILTER UNIT', '2020-10-10 09:54:52', '2020-10-10 09:54:52'),
(934, '661_BF2_VA1', 'VALVE', '2020-10-10 09:55:01', '2020-10-10 09:55:01'),
(935, '661_BF2_RGL1', 'AIR REGULATOR', '2020-10-10 09:55:09', '2020-10-10 09:55:09'),
(936, '661_BF2_LB1', 'LOCAL CONTROL PANEL', '2020-10-10 09:55:16', '2020-10-10 09:55:16'),
(937, '661_RF2', 'Rotary', '2020-10-10 09:55:25', '2020-10-10 09:55:25'),
(938, '662_SC2_GR1', 'REDUCER', '2020-10-10 09:55:34', '2020-10-10 09:55:34'),
(940, '661_RF2_CU1', 'Coupling', '2020-10-10 09:55:44', '2020-10-10 09:55:44'),
(941, '661_RF2_SS1', 'Speed Sensor', '2020-10-10 09:55:54', '2020-10-10 09:55:54'),
(942, '661_RF2_LB1', 'LOCAL BOX CONTROL', '2020-10-10 09:56:01', '2020-10-10 09:56:01'),
(943, '662_SC2', 'Screw', '2020-10-10 09:56:11', '2020-10-10 09:56:11'),
(944, '561_FN3', 'SEAL AIR FAN', '2020-10-10 09:56:30', '2020-10-10 09:56:30'),
(945, '661_TK1', 'AIR TANK', '2020-10-10 09:56:41', '2020-10-10 09:56:41'),
(946, '561_SR1', 'SEPARATOR', '2020-10-10 09:56:52', '2020-10-10 09:56:52'),
(947, '561_SR1_M1', 'MOTOR SEPARATOR', '2020-10-10 09:57:10', '2020-10-10 09:57:10'),
(948, '662_BE1_BLT1', 'BELT', '2020-10-10 09:57:18', '2020-10-10 09:57:18'),
(949, '561_SR1_M1_INV', 'MOTOR SEPARATOR INVERTER', '2020-10-10 09:57:32', '2020-10-10 09:57:32'),
(950, '561_SR1_P1_PV', 'INLET PRESSURE SENSOR', '2020-10-10 09:57:51', '2020-10-10 09:57:51'),
(951, '662_BE1_LS1', 'LEVEL SWITCH', '2020-10-10 09:58:00', '2020-10-10 09:58:00'),
(952, '561_SR1_T1_PV', 'TEMPERATURE SENSOR', '2020-10-10 09:58:09', '2020-10-10 09:58:09'),
(953, '561_SR1_T2_PV', 'TEMPERATURE SENSOR', '2020-10-10 09:58:16', '2020-10-10 09:58:16'),
(954, '662_BE1_J1', 'POWER METER', '2020-10-10 09:58:23', '2020-10-10 09:58:23'),
(955, '662_BE1_LB1', 'Local Box / Local Panel Control', '2020-10-10 09:58:33', '2020-10-10 09:58:33'),
(956, '662_FN2', 'FAN', '2020-10-10 09:58:41', '2020-10-10 09:58:41'),
(957, '662_FN2_CU1', 'Coupling', '2020-10-10 09:58:47', '2020-10-10 09:58:47'),
(958, '662_VA2_M1', 'MOTOR', '2020-10-10 09:58:54', '2020-10-10 09:58:54'),
(959, '662_VA2_LB1', 'LOCAL BOX', '2020-10-10 09:59:01', '2020-10-10 09:59:01'),
(960, '662_BV1', 'BUTTERFLY VALVE', '2020-10-10 09:59:11', '2020-10-10 09:59:11'),
(961, '662_BV2', 'BUTTERFLY VALVE', '2020-10-10 09:59:24', '2020-10-10 09:59:24'),
(962, '662_BV3', 'BUTTERFLY VALVE', '2020-10-10 09:59:34', '2020-10-10 09:59:34'),
(963, '662_BV4', 'BUTTERFLY VALVE', '2020-10-10 09:59:45', '2020-10-10 09:59:45'),
(964, '662_BV5', 'BUTTERFLY VALVE', '2020-10-10 09:59:57', '2020-10-10 09:59:57'),
(965, '662_BV6', 'BUTTERFLY VALVE', '2020-10-10 10:00:10', '2020-10-10 10:00:10'),
(966, '662_BV7', 'BUTTERFLY VALVE', '2020-10-10 10:00:32', '2020-10-10 10:00:32'),
(967, '662_SG1_PNM1', 'PNEUMATIC', '2020-10-10 10:00:42', '2020-10-10 10:00:42'),
(968, '662_SG1_XS1', 'PROXIMITY SWITCH', '2020-10-10 10:00:49', '2020-10-10 10:00:49'),
(969, '662_SG1_YS1', 'PROXIMITY SWITCH', '2020-10-10 10:00:56', '2020-10-10 10:00:56'),
(970, '561_SR1_T3_PV', 'TEMPERATURE SENSOR', '2020-10-10 10:01:03', '2020-10-10 10:01:03'),
(971, '561_SR1_T4_PV', 'TEMPERATURE SENSOR', '2020-10-10 10:01:10', '2020-10-10 10:01:10'),
(972, '662_3B1_FRM1', 'Frame / Body', '2020-10-10 10:01:17', '2020-10-10 10:01:17'),
(973, '662_VS1_M1', 'MOTOR', '2020-10-10 10:01:27', '2020-10-10 10:01:27'),
(974, '662_VS1_PLY1', 'HEAD PULLEY', '2020-10-10 10:01:35', '2020-10-10 10:01:35'),
(975, '662_VS1_PLY2', 'Tail Pulley', '2020-10-10 10:01:44', '2020-10-10 10:01:44'),
(976, '561_SR1_T5_PV', 'TEMPERATURE SENSOR', '2020-10-10 10:01:50', '2020-10-10 10:01:50'),
(978, '561_SR1_M2', 'LUBRICATION OIL PUMP', '2020-10-10 10:02:24', '2020-10-10 10:02:24'),
(979, '531_WF3', 'WEIGHT FEEDER', '2020-10-10 10:02:32', '2020-10-10 10:02:32'),
(980, '662_VS1_LB1', 'LOCAL BOX CONTROL', '2020-10-10 10:02:42', '2020-10-10 10:02:42'),
(981, '561_RM1', 'VERTICAL MILL', '2020-10-10 10:02:55', '2020-10-10 10:02:55'),
(982, '662_PM1_M2', 'MOTOR IMPELLER DRIVE', '2020-10-10 10:03:13', '2020-10-10 10:03:13'),
(983, '662_PM1_M3', 'MOTOR ROTARY SPOUT 1', '2020-10-10 10:03:24', '2020-10-10 10:03:24'),
(984, '662_PM1_M4', 'MOTOR ROTARY SPOUT 2', '2020-10-10 10:03:35', '2020-10-10 10:03:35'),
(986, '662_PM1_M5', 'MOTOR ROTARY SPOUT 3', '2020-10-10 10:03:46', '2020-10-10 10:03:46'),
(987, '662_PM1_M6', 'MOTOR ROTARY SPOUT 4', '2020-10-10 10:03:59', '2020-10-10 10:03:59'),
(988, '662_PM1_M7', 'MOTOR ROTARY SPOUT 5', '2020-10-10 10:04:14', '2020-10-10 10:04:14'),
(990, '662_PM1_M8', 'MOTOR ROTARY SPOUT 6', '2020-10-10 10:04:24', '2020-10-10 10:04:24'),
(991, '662_PM1_M9', 'MOTOR ROTARY SPOUT 7', '2020-10-10 10:04:33', '2020-10-10 10:04:33'),
(992, '662_PM1_M10', 'MOTOR ROTARY SPOUT 8', '2020-10-10 10:04:47', '2020-10-10 10:04:47'),
(993, '662_PM1_BV1', 'BUTTERFLY VALVE', '2020-10-10 10:04:54', '2020-10-10 10:04:54'),
(994, '662_PM1_PMT11', 'PNEUMATIC BAG FILLING SPOUT 1', '2020-10-10 10:05:20', '2020-10-10 10:05:20'),
(995, '662_PM1_PMT12', 'PNEUMATIC BAG FILLING SPOUT 2', '2020-10-10 10:05:30', '2020-10-10 10:05:30'),
(996, '662_PM1_PMT13', 'PNEUMATIC BAG FILLING SPOUT 3', '2020-10-10 10:05:40', '2020-10-10 10:05:40'),
(997, '662_PM1_PMT14', 'PNEUMATIC BAG FILLING SPOUT 4', '2020-10-10 10:05:50', '2020-10-10 10:05:50'),
(998, '662_PM1_PMT15', 'PNEUMATIC BAG FILLING SPOUT 5', '2020-10-10 10:06:02', '2020-10-10 10:06:02'),
(999, '662_PM1_PMT16', 'PNEUMATIC BAG FILLING SPOUT 6', '2020-10-10 10:06:15', '2020-10-10 10:06:15'),
(1000, '662_PM1_PMT17', 'PNEUMATIC BAG FILLING SPOUT 7', '2020-10-10 10:06:27', '2020-10-10 10:06:27'),
(1001, '662_PM1_PMT18', 'PNEUMATIC BAG FILLING SPOUT 8', '2020-10-10 10:06:36', '2020-10-10 10:06:36'),
(1002, '662_PM1_PMT21', 'PNEUMATIC BAG CLAMP SPOUT 1', '2020-10-10 10:06:53', '2020-10-10 10:06:53'),
(1003, '662_PM1_PMT22', 'PNEUMATIC BAG CLAMP SPOUT 2', '2020-10-10 10:07:03', '2020-10-10 10:07:03'),
(1004, '662_PM1_PMT23', 'PNEUMATIC BAG CLAMP SPOUT 3', '2020-10-10 10:07:12', '2020-10-10 10:07:12'),
(1005, '662_PM1_PMT24', 'PNEUMATIC BAG CLAMP SPOUT 4', '2020-10-10 10:07:28', '2020-10-10 10:07:28'),
(1006, '662_PM1_PMT25', 'PNEUMATIC BAG FILLING SPOUT 5', '2020-10-10 10:07:39', '2020-10-10 10:07:39'),
(1007, '662_PM1_PMT26', 'PNEUMATIC BAG CLAMP SPOUT 6', '2020-10-10 10:07:49', '2020-10-10 10:07:49'),
(1009, '662_PM1_PMT27', 'PNEUMATIC BAG CLAMP SPOUT 7', '2020-10-10 10:07:59', '2020-10-10 10:07:59'),
(1011, '662_PM1_PMT28', 'PNEUMATIC BAG CLAMP SPOUT 8', '2020-10-10 10:08:09', '2020-10-10 10:08:09'),
(1013, '662_PM1_PMT31', 'PNEUMATIC BAG DROP SPOUT 1', '2020-10-10 10:08:31', '2020-10-10 10:08:31'),
(1015, '662_PM1_PMT32', 'PNEUMATIC BAG DROP SPOUT 2', '2020-10-10 10:08:43', '2020-10-10 10:08:43'),
(1016, '662_PM1_PMT33', 'PNEUMATIC BAG DROP SPOUT 3', '2020-10-10 10:08:52', '2020-10-10 10:08:52'),
(1017, '662_PM1_PMT34', 'PNEUMATIC BAG DROP SPOUT 4', '2020-10-10 10:09:01', '2020-10-10 10:09:01'),
(1018, '662_PM1_PMT35', 'PNEUMATIC BAG DROP SPOUT 5', '2020-10-10 10:09:09', '2020-10-10 10:09:09'),
(1019, '662_PM1_PMT36', 'PNEUMATIC BAG DROP SPOUT 6', '2020-10-10 10:09:34', '2020-10-10 10:09:34'),
(1020, '662_PM1_PMT37', 'PNEUMATIC BAG DROP SPOUT 7', '2020-10-10 10:09:43', '2020-10-10 10:09:43'),
(1021, '662_PM1_PMT38', 'PNEUMATIC BAG DROP SPOUT 8', '2020-10-10 10:09:52', '2020-10-10 10:09:52'),
(1022, '662_PM1_SL1', 'Selenoid Valve Group Spout 1', '2020-10-10 10:10:06', '2020-10-10 10:10:06'),
(1023, '662_PM1_SL2', 'Selenoid Valve Group Spout 2', '2020-10-10 10:10:15', '2020-10-10 10:10:15'),
(1024, '662_PM1_SL3', 'Selenoid Valve Group Spout 3', '2020-10-10 10:10:25', '2020-10-10 10:10:25'),
(1025, '662_PM1_SL4', 'Selenoid Valve Group Spout 4', '2020-10-10 10:10:33', '2020-10-10 10:10:33'),
(1026, '662_PM1_SL5', 'Selenoid Valve Group Spout 5', '2020-10-10 10:10:42', '2020-10-10 10:10:42'),
(1027, '662_PM1_SL6', 'Selenoid Valve Group Spout 6', '2020-10-10 10:10:54', '2020-10-10 10:10:54'),
(1028, '662_PM1_SL7', 'Selenoid Valve Group Spout 7', '2020-10-10 10:11:05', '2020-10-10 10:11:05'),
(1029, '662_PM1_SL8', 'Selenoid Valve Group Spout 8', '2020-10-10 10:11:17', '2020-10-10 10:11:17'),
(1030, '662_PM1_ZS11', 'Sensor Bag Filling SP1', '2020-10-10 10:11:35', '2020-10-10 10:11:35'),
(1031, '662_PM1_ZS12', 'Sensor Bag Filling SP2', '2020-10-10 10:11:44', '2020-10-10 10:11:44'),
(1032, '662_PM1_ZS13', 'Sensor Bag Filling SP3', '2020-10-10 10:12:00', '2020-10-10 10:12:00'),
(1034, '662_PM1_ZS14', 'Sensor Bag Filling SP4', '2020-10-10 10:12:12', '2020-10-10 10:12:12'),
(1035, '662_PM1_ZS15', 'Sensor Bag Filling SP5', '2020-10-10 10:12:23', '2020-10-10 10:12:23'),
(1036, '662_PM1_ZS16', 'Sensor Bag Filling SP6', '2020-10-10 10:12:37', '2020-10-10 10:12:37'),
(1038, '662_PM1_ZS17', 'Sensor Bag Filling SP7', '2020-10-10 10:12:52', '2020-10-10 10:12:52'),
(1040, '662_PM1_ZS18', 'Sensor Bag Filling SP8', '2020-10-10 10:13:10', '2020-10-10 10:13:10'),
(1042, '561_RM1_GB', 'VERTICAL MILL GEAR BOX', '2020-10-10 10:13:26', '2020-10-10 10:13:26'),
(1043, '662_SC1_M1', 'MOTOR', '2020-10-10 10:13:35', '2020-10-10 10:13:35'),
(1044, '561_RM1_M1', 'VERTICAL MILL MAIN MOTOR', '2020-10-10 10:13:50', '2020-10-10 10:13:50'),
(1045, '662_SC1_CU1', 'Coupling', '2020-10-10 10:13:57', '2020-10-10 10:13:57'),
(1046, '561_RM1_M1_RHE', 'LIQUID STARTER PANEL', '2020-10-10 10:14:09', '2020-10-10 10:14:09'),
(1047, '662_SC1_FRM1', 'Frame / Body Screw Conveyor', '2020-10-10 10:14:20', '2020-10-10 10:14:20'),
(1048, '662_SC1_SS1', 'Speed Sensor', '2020-10-10 10:14:27', '2020-10-10 10:14:27'),
(1049, '662_SC1_LB1', 'LOCAL BOX CONTROL', '2020-10-10 10:14:36', '2020-10-10 10:14:36'),
(1050, '662_SC2_M1', 'MOTOR', '2020-10-10 10:14:47', '2020-10-10 10:14:47'),
(1051, '661_VS1_BRG1', 'BEARING VIBRATING 1', '2020-10-10 10:15:02', '2020-10-10 10:15:02'),
(1052, '662_SC2_CU1', 'Coupling', '2020-10-10 10:15:11', '2020-10-10 10:15:11'),
(1053, '661_VS1_BRG2', 'BEARING VIBRATING 2', '2020-10-10 10:15:23', '2020-10-10 10:15:23'),
(1055, '662_SC2_FRM1', 'Frame / Body Screw Conveyor', '2020-10-10 10:15:37', '2020-10-10 10:15:37'),
(1056, '662_SC2_SS1', 'Speed Sensor', '2020-10-10 10:15:44', '2020-10-10 10:15:44'),
(1057, '662_SC2_LB1', 'LOCAL BOX CONTROL', '2020-10-10 10:15:52', '2020-10-10 10:15:52'),
(1058, '662_FV1', 'FLAP VALVE', '2020-10-10 10:16:00', '2020-10-10 10:16:00'),
(1059, '662_FV2', 'FLAP VALVE', '2020-10-10 10:16:09', '2020-10-10 10:16:09'),
(1060, '662_FV3', 'FLAP VALVE', '2020-10-10 10:16:17', '2020-10-10 10:16:17'),
(1061, '662_FV4', 'FLAP VALVE', '2020-10-10 10:17:06', '2020-10-10 10:17:06'),
(1062, '662_BC1_PLY2', 'Tail Pulley', '2020-10-10 10:17:14', '2020-10-10 10:17:14'),
(1063, '661_VS1_VB1', 'V-Belt', '2020-10-10 10:17:22', '2020-10-10 10:17:22'),
(1064, '662_VS1_BRG1', 'BEARING VIBRATING 1', '2020-10-10 10:17:30', '2020-10-10 10:17:30'),
(1065, '662_BN1', 'BELT', '2020-10-10 10:17:43', '2020-10-10 10:17:43'),
(1066, '662_BN1_PLY1', 'HEAD PULLEY', '2020-10-10 10:17:54', '2020-10-10 10:17:54'),
(1067, '662_BN1_PLY2', 'Tail Pulley', '2020-10-10 10:18:01', '2020-10-10 10:18:01'),
(1068, '662_VS1_BRG2', 'BEARING VIBRATING 2', '2020-10-10 10:18:11', '2020-10-10 10:18:11'),
(1069, '662_BW1', 'BELT', '2020-10-10 10:18:21', '2020-10-10 10:18:21'),
(1070, '662_BW1_PLY1', 'HEAD PULEY', '2020-10-10 10:18:31', '2020-10-10 10:18:31'),
(1071, '662_BW1_PLY2', 'Tail Pulley', '2020-10-10 10:18:42', '2020-10-10 10:18:42'),
(1072, '662_FN1', 'FAN', '2020-10-10 10:18:50', '2020-10-10 10:18:50'),
(1073, '662_FN1_CU1', 'Coupling', '2020-10-10 10:18:59', '2020-10-10 10:18:59'),
(1075, '662_FN3', 'FAN', '2020-10-10 10:20:04', '2020-10-10 10:20:04'),
(1076, '662_FN3_CU1', 'Coupling', '2020-10-10 10:20:14', '2020-10-10 10:20:14'),
(1077, '662_BF1', 'BAG FILTER UNIT', '2020-10-10 10:20:26', '2020-10-10 10:20:26'),
(1078, '662_BF1_VA1', 'VALVE', '2020-10-10 10:20:36', '2020-10-10 10:20:36'),
(1079, '662_BF1_RGL1', 'AIR REGULATOR', '2020-10-10 10:20:51', '2020-10-10 10:20:51'),
(1080, '662_BF3_LB1', 'LOCAL CONTROL PANEL', '2020-10-10 10:21:00', '2020-10-10 10:21:00'),
(1081, '662_RF1', 'Rotary', '2020-10-10 10:21:13', '2020-10-10 10:21:13'),
(1082, '662_VS1_VB1', 'V-Belt', '2020-10-10 10:21:21', '2020-10-10 10:21:21'),
(1083, '662_RF1_CU1', 'Coupling', '2020-10-10 10:21:28', '2020-10-10 10:21:28'),
(1084, '662_RF1_SS1', 'Speed Sensor', '2020-10-10 10:21:36', '2020-10-10 10:21:36'),
(1085, '662_RF1_LB1', 'LOCAL BOX CONTROL', '2020-10-10 10:21:45', '2020-10-10 10:21:45'),
(1086, '662_FN4', 'FAN', '2020-10-10 10:21:52', '2020-10-10 10:21:52'),
(1087, '662_FN4_CU1', 'Coupling', '2020-10-10 10:21:59', '2020-10-10 10:21:59'),
(1088, '662_BF2', 'BAG FILTER UNIT', '2020-10-10 10:22:08', '2020-10-10 10:22:08'),
(1089, '662_BF2_VA1', 'VALVE', '2020-10-10 10:22:20', '2020-10-10 10:22:20'),
(1091, '662_BF2_RGL1', 'AIR REGULATOR', '2020-10-10 10:22:27', '2020-10-10 10:22:27'),
(1092, '662_BF2_LB1', 'LOCAL CONTROL PANEL', '2020-10-10 10:22:36', '2020-10-10 10:22:36'),
(1093, '662_RF2', 'Rotary', '2020-10-10 10:22:46', '2020-10-10 10:22:46'),
(1094, 'M61_WP4', 'WATER PUMP', '2020-10-10 10:22:59', '2020-10-10 10:22:59'),
(1095, '662_RF2_CU1', 'Coupling', '2020-10-10 10:23:11', '2020-10-10 10:23:11'),
(1096, '662_RF2_SS1', 'Speed Sensor', '2020-10-10 10:23:20', '2020-10-10 10:23:20'),
(1097, '662_RF2_LB1', 'LOCAL BOX CONTROL', '2020-10-10 10:23:27', '2020-10-10 10:23:27'),
(1098, 'M61_WP4_M1', 'MOTOR', '2020-10-10 10:23:34', '2020-10-10 10:23:34'),
(1099, 'M61_WP4_M2', 'MOTOR', '2020-10-10 10:23:41', '2020-10-10 10:23:41'),
(1104, '611_WB1_W1', 'Loadcell 1', '2020-10-10 10:26:13', '2020-10-10 10:26:13'),
(1105, '611_WB1_W2', 'Loadcell 2', '2020-10-10 10:26:20', '2020-10-10 10:26:20'),
(1106, '691_BC1_PLY', 'HEAD PULLEY', '2020-10-10 10:26:30', '2020-10-10 10:26:30'),
(1107, '691_BC1_PLY2', 'Tail Pulley', '2020-10-10 10:26:37', '2020-10-10 10:26:37'),
(1108, '611_WB1_W3', 'Loadcell 3', '2020-10-10 10:26:45', '2020-10-10 10:26:45'),
(1109, '691_BC1_SS1', 'Speed Sensor', '2020-10-10 10:26:53', '2020-10-10 10:26:53'),
(1110, '691_BC1_DS1', 'DRIFT SWITCH / TOP', '2020-10-10 10:27:01', '2020-10-10 10:27:01'),
(1111, '691_BC1_DS2', 'DRIFT SWITCH / BOTTOM', '2020-10-10 10:27:09', '2020-10-10 10:27:09'),
(1112, '691_BD1_M1', 'MOTOR', '2020-10-10 10:27:17', '2020-10-10 10:27:17'),
(1113, '691_BD1_BLT', 'BELT', '2020-10-10 10:27:26', '2020-10-10 10:27:26'),
(1114, '691_BD1_X1', 'PROXIMITY SWITCH', '2020-10-10 10:27:39', '2020-10-10 10:27:39'),
(1115, '691_BD1_Y1', 'PROXIMITY SWITCH', '2020-10-10 10:27:47', '2020-10-10 10:27:47'),
(1116, '691_BD2_M1', 'MOTOR', '2020-10-10 10:27:59', '2020-10-10 10:27:59'),
(1117, '691_BD2_BLT', 'BELT', '2020-10-10 10:28:06', '2020-10-10 10:28:06'),
(1118, '691_BD2_X1', 'PROXIMITY SWITCH', '2020-10-10 10:28:14', '2020-10-10 10:28:14'),
(1119, '691_BD2_Y1', 'PROXIMITY SWITCH', '2020-10-10 10:28:27', '2020-10-10 10:28:27'),
(1120, '611_WB1_W4', 'Loadcell 4', '2020-10-10 10:28:38', '2020-10-10 10:28:38'),
(1121, '611_WB1_W5', 'Loadcell 5', '2020-10-10 10:28:49', '2020-10-10 10:28:49'),
(1122, '692_BC1_PLY', 'HEAD PULLEY', '2020-10-10 10:28:56', '2020-10-10 10:28:56'),
(1123, '692_BC1_PLY2', 'Tail Pulley', '2020-10-10 10:29:05', '2020-10-10 10:29:05'),
(1124, '611_WB1_W6', 'Loadcell 6', '2020-10-10 10:29:14', '2020-10-10 10:29:14'),
(1125, '692_BC1_SS1', 'Speed Sensor', '2020-10-10 10:29:22', '2020-10-10 10:29:22'),
(1126, '692_BC1_DS1', 'DRIFT SWITCH / TOP', '2020-10-10 10:29:31', '2020-10-10 10:29:31'),
(1127, '692_BC1_DS2', 'DRIFT SWITCH / BOTTOM', '2020-10-10 10:29:40', '2020-10-10 10:29:40'),
(1128, '692_BD1_M1', 'MOTOR', '2020-10-10 10:29:49', '2020-10-10 10:29:49'),
(1129, '692_BD1_BLT', 'BELT', '2020-10-10 10:29:58', '2020-10-10 10:29:58'),
(1130, '692_BD1_X1', 'PROXIMITY SWITCH', '2020-10-10 10:30:08', '2020-10-10 10:30:08'),
(1131, '692_BD1_Y1', 'PROXIMITY SWITCH', '2020-10-10 10:30:15', '2020-10-10 10:30:15'),
(1132, '692_BD2_M1', 'MOTOR', '2020-10-10 10:30:23', '2020-10-10 10:30:23'),
(1133, '692_BD2_BLT', 'BELT', '2020-10-10 10:30:30', '2020-10-10 10:30:30'),
(1134, '692_BD2_X1', 'PROXIMITY SWITCH', '2020-10-10 10:30:37', '2020-10-10 10:30:37'),
(1135, '692_BD2_Y1', 'PROXIMITY SWITCH', '2020-10-10 10:30:46', '2020-10-10 10:30:46'),
(1136, '691_LM1_M1', 'MOTOR', '2020-10-10 10:30:54', '2020-10-10 10:30:54'),
(1137, '691_LM1_GB1', 'GEARBOX', '2020-10-10 10:31:01', '2020-10-10 10:31:01'),
(1138, '691_LM1_BLT1', 'BELT', '2020-10-10 10:31:09', '2020-10-10 10:31:09'),
(1139, '691_LM1_2V1', 'PROCESS CAMERA', '2020-10-10 10:31:20', '2020-10-10 10:31:20'),
(1140, '691_LM2_M1', 'MOTOR', '2020-10-10 10:31:28', '2020-10-10 10:31:28'),
(1141, '691_LM2_GB1', 'GEARBOX', '2020-10-10 10:31:37', '2020-10-10 10:31:37'),
(1142, '691_LM2_BLT1', 'BELT', '2020-10-10 10:31:44', '2020-10-10 10:31:44'),
(1143, '691_LM2_2V1', 'PROCESS CAMERA', '2020-10-10 10:31:53', '2020-10-10 10:31:53'),
(1144, '691_LM3_M1', 'MOTOR', '2020-10-10 10:32:00', '2020-10-10 10:32:00'),
(1145, '691_LM3_S1', 'SPEED SWITCH', '2020-10-10 10:32:09', '2020-10-10 10:32:09'),
(1146, '691_LM3_D1', 'DRIFT SWITCH', '2020-10-10 10:32:18', '2020-10-10 10:32:18'),
(1147, '691_LM4_M1', 'MOTOR', '2020-10-10 10:32:25', '2020-10-10 10:32:25'),
(1148, '691_LM4_S1', 'SPEED SWITCH', '2020-10-10 10:32:32', '2020-10-10 10:32:32'),
(1149, '691_LM4_D1', 'DRIFT SWITCH', '2020-10-10 10:32:41', '2020-10-10 10:32:41'),
(1150, '501_3E1_1C1', 'CAPACITOR BANK', '2020-10-10 10:32:52', '2020-10-10 10:32:52'),
(1151, '501_3E1_1C2', 'CAPACITOR BANK', '2020-10-10 10:33:01', '2020-10-10 10:33:01'),
(1152, '501_3E1_1C3', 'CAPACITOR BANK', '2020-10-10 10:33:09', '2020-10-10 10:33:09'),
(1153, '5P1_1S1_U1', 'SWITCHGEAR', '2020-10-10 10:33:21', '2020-10-10 10:33:21'),
(1154, '5P1_1S1_U2', 'SWITCHGEAR', '2020-10-10 10:33:38', '2020-10-10 10:33:38'),
(1155, '5P1_1S1_U3', 'SWITCHGEAR', '2020-10-10 10:33:49', '2020-10-10 10:33:49'),
(1156, '5P1_1S1_U4', 'SWITCHGEAR', '2020-10-10 10:34:05', '2020-10-10 10:34:05'),
(1157, '5P1_1S1_U5', 'SWITCHGEAR', '2020-10-10 10:34:14', '2020-10-10 10:34:14'),
(1158, '5P1_1S1_U6', 'SWITCHGEAR', '2020-10-10 10:34:24', '2020-10-10 10:34:24'),
(1159, '5P1_1S1_U7', 'SWITCHGEAR', '2020-10-10 10:34:35', '2020-10-10 10:34:35'),
(1160, '5P1_1S1_U8', 'SWITCHGEAR', '2020-10-10 10:34:44', '2020-10-10 10:34:44'),
(1161, '5P1_1S1_U9', 'SWITCHGEAR', '2020-10-10 10:34:56', '2020-10-10 10:34:56'),
(1162, '5P1_1S1_UA', 'SWITCHGEAR', '2020-10-10 10:35:06', '2020-10-10 10:35:06'),
(1163, 'D31_CX1_U1', 'COMPRESSOR', '2020-10-10 10:35:17', '2020-10-10 10:35:17'),
(1164, 'D31_CX2_U1', 'COMPRESSOR', '2020-10-10 10:35:28', '2020-10-10 10:35:28'),
(1165, 'D31_CX3_U1', 'COMPRESSOR', '2020-10-10 10:35:35', '2020-10-10 10:35:35'),
(1166, 'D31_CX4_U1', 'COMPRESSOR', '2020-10-10 10:35:43', '2020-10-10 10:36:55'),
(1168, 'D31_AY1_U1', 'DRYER', '2020-10-10 10:35:52', '2020-10-10 10:35:52'),
(1169, 'D31_AY2_U1', 'DRYER', '2020-10-10 10:36:00', '2020-10-10 10:36:00'),
(1170, 'D31_AY3_U1', 'DRYER', '2020-10-10 10:36:07', '2020-10-10 10:36:07'),
(1171, 'D31_AY4_U1', 'DRYER', '2020-10-10 10:36:14', '2020-10-10 10:37:07'),
(1172, '612_WB1_W1', 'Loadcell 1', '2020-10-10 10:37:26', '2020-10-10 10:37:26'),
(1173, 'D31_FX1_U1', 'POWER BOX', '2020-10-10 10:37:37', '2020-10-10 10:37:37'),
(1174, 'D31_FX2_U1', 'POWER BOX', '2020-10-10 10:37:44', '2020-10-10 10:37:44'),
(1175, 'D31_FX3_U1', 'POWER BOX', '2020-10-10 10:37:52', '2020-10-10 10:37:52'),
(1176, 'M61_CT1', 'WATER TANK', '2020-10-10 10:38:06', '2020-10-10 10:38:06'),
(1177, 'M61_CT1_M1', 'MOTOR', '2020-10-10 10:38:14', '2020-10-10 10:38:14'),
(1178, 'M61_CT2', 'WATER TANK', '2020-10-10 10:38:26', '2020-10-10 10:38:26'),
(1179, '612_WB1_W2', 'Loadcell 2', '2020-10-10 10:38:34', '2020-10-10 10:38:34'),
(1180, '612_WB1_W3', 'Loadcell 3', '2020-10-10 10:38:42', '2020-10-10 10:38:42'),
(1181, 'M61_WP1', 'WATER PUMP', '2020-10-10 10:38:51', '2020-10-10 10:38:51'),
(1182, 'M61_WP1_M1', 'MOTOR', '2020-10-10 10:38:58', '2020-10-10 10:38:58'),
(1183, 'M61_WP2', 'WATER PUMP', '2020-10-10 10:39:07', '2020-10-10 10:39:07'),
(1184, 'M61_WP2_M1', 'MOTOR', '2020-10-10 10:39:14', '2020-10-10 10:39:14'),
(1185, 'M61_WP3', 'WATER PUMP', '2020-10-10 10:39:22', '2020-10-10 10:39:22'),
(1186, 'M61_WP3_M1', 'MOTOR', '2020-10-10 10:39:29', '2020-10-10 10:39:29'),
(1187, '612_WB1_W4', 'Loadcell 4', '2020-10-10 10:39:37', '2020-10-10 10:39:37'),
(1189, '612_WB1_W5', 'Loadcell 5', '2020-10-10 10:39:46', '2020-10-10 10:39:46'),
(1190, '612_WB1_W6', 'Loadcell 6', '2020-10-10 10:39:55', '2020-10-10 10:39:55'),
(1191, '561_WF1', 'WEIGHT FEEDER', '2020-10-10 10:40:02', '2020-10-10 10:40:02'),
(1192, 'LINE PACKER', 'ERP & CHECKER REPORT', '2020-10-10 10:40:17', '2020-10-10 10:40:17'),
(1193, 'Buffer Storage', 'ERP & CHECKER REPORT', '2020-10-10 10:40:31', '2020-10-10 10:40:31'),
(1194, 'Lab Kimia', 'LAB KIMIA', '2020-10-10 10:40:40', '2020-10-10 10:40:40'),
(1195, 'Lab Fisika', 'Lab Fisika', '2020-10-10 10:40:47', '2020-10-10 10:40:47'),
(1196, 'Lab Proses', 'Lab Proses', '2020-10-10 10:40:55', '2020-10-10 10:40:55'),
(1197, 'Gudang Sample', 'Gudang Sample', '2020-10-10 10:41:02', '2020-10-10 10:41:02'),
(1198, 'Maintenance', 'Maintenance', '2020-10-10 10:41:12', '2020-10-10 10:41:12'),
(1199, 'Produksi', 'Produksi', '2020-10-10 10:41:18', '2020-10-10 10:41:18'),
(1200, 'QC', 'QC', '2020-10-10 10:41:53', '2020-10-10 10:41:53'),
(1201, 'Warehouse', 'Warehouse', '2020-10-10 10:42:06', '2020-10-10 10:42:06'),
(1202, 'Dispatch', 'Dispatch', '2020-10-10 10:42:14', '2020-10-10 10:42:14'),
(1203, 'HRGA', 'HRGA', '2020-10-10 10:42:21', '2020-10-10 10:42:21'),
(1204, 'Purchasing', 'Purchasing', '2020-10-10 10:42:27', '2020-10-10 10:42:27'),
(1205, 'CCR & Office', 'CCR & Office', '2020-10-10 10:42:41', '2020-10-10 10:42:41'),
(1206, 'MCC CCR', 'CCR & Office', '2020-10-10 10:42:51', '2020-10-10 10:42:51'),
(1207, 'Preparation Room & Molding Room', 'Preparation Room & Molding Room', '2020-10-10 10:42:57', '2020-10-10 10:42:57'),
(1208, 'Furnace Room', 'Furnace Room', '2020-10-10 10:43:04', '2020-10-10 10:43:04'),
(1209, 'Chemical Storage', 'Chemical Storage', '2020-10-10 10:43:10', '2020-10-10 10:43:10'),
(1210, 'Sample Room', 'Sample Room', '2020-10-10 10:43:15', '2020-10-10 10:43:15'),
(1211, 'MCC', 'MCC', '2020-10-10 10:43:24', '2020-10-10 10:43:24'),
(1212, 'Workshop', 'Workshop', '2020-10-10 10:43:30', '2020-10-10 10:43:30'),
(1213, 'WH-Sparepart', 'WH-Sparepart', '2020-10-10 10:43:37', '2020-10-10 10:43:37'),
(1214, 'WH-Raw Material', 'WH-Raw Material', '2020-10-10 10:43:44', '2020-10-10 10:43:44'),
(1215, 'Pump Room & MCC', 'Pump Room & MCC', '2020-10-10 10:43:55', '2020-10-10 10:43:55'),
(1216, 'Compresses Air Station', 'Compresses Air Station', '2020-10-10 10:44:02', '2020-10-10 10:44:02'),
(1217, 'Appron', 'Appron', '2020-10-10 10:44:08', '2020-10-10 10:44:08'),
(1218, 'Transfer Tower B', 'Transfer Tower B', '2020-10-10 10:44:14', '2020-10-10 10:44:14'),
(1219, 'Transfer Tower C', 'Transfer Tower C', '2020-10-10 10:44:22', '2020-10-10 10:44:22'),
(1220, 'Transfer Tower D', 'Transfer Tower D', '2020-10-10 10:44:29', '2020-10-10 10:44:29'),
(1221, 'Transfer Tower E', 'Transfer Tower E', '2020-10-10 10:44:43', '2020-10-10 10:44:43'),
(1222, 'Clinker Silo', 'Clinker Silo', '2020-10-10 10:44:50', '2020-10-10 10:44:50'),
(1223, 'Cement Proportion', 'Cement Proportion', '2020-10-10 10:44:57', '2020-10-10 10:44:57'),
(1224, 'Fly Ash Silo', 'Fly Ash Silo', '2020-10-10 10:45:04', '2020-10-10 10:45:04'),
(1225, 'Grinding Mill', 'Grinding Mill', '2020-10-10 10:45:10', '2020-10-10 10:45:10'),
(1226, 'MCC Mill', 'MCC Mill', '2020-10-10 10:45:18', '2020-10-10 10:45:18'),
(1227, 'Bag house', 'Bag house', '2020-10-10 10:45:25', '2020-10-10 10:45:25'),
(1228, 'Hot Gas', 'Hot Gas', '2020-10-10 10:45:31', '2020-10-10 10:45:31'),
(1229, 'Preparation Room', 'Preparation Room', '2020-10-10 10:45:39', '2020-10-10 10:45:39'),
(1230, 'Cement Silo 1', 'Cement Silo 1', '2020-10-10 10:45:45', '2020-10-10 10:45:45'),
(1231, 'Cement Silo 2', 'Cement Silo 2', '2020-10-10 10:45:52', '2020-10-10 10:45:52'),
(1232, 'MCC Packer', 'MCC Packer', '2020-10-10 10:45:59', '2020-10-10 10:45:59'),
(1233, 'Packer Roto 1', 'Packer Roto 1', '2020-10-10 10:46:06', '2020-10-10 10:46:06'),
(1234, 'Packer Roto 2', 'Packer Roto 2', '2020-10-10 10:46:14', '2020-10-10 10:46:14'),
(1235, 'Packer Roto 3', 'Packer Roto 3', '2020-10-10 10:46:21', '2020-10-10 10:46:21'),
(1236, 'Packer Line1', 'Packer Line1', '2020-10-10 10:46:28', '2020-10-10 10:46:28'),
(1237, 'Packer Line2', 'Packer Line2', '2020-10-10 10:46:35', '2020-10-10 10:46:35'),
(1238, 'Packer Line3', 'Packer Line3', '2020-10-10 10:46:41', '2020-10-10 10:46:41'),
(1239, 'Packer Line4', 'Packer Line4', '2020-10-10 10:46:47', '2020-10-10 10:46:47'),
(1240, 'Weigth Bridge', 'Weigth Bridge', '2020-10-10 10:46:56', '2020-10-10 10:46:56'),
(1241, 'Main Gate', 'Main Gate', '2020-10-10 10:47:03', '2020-10-10 10:47:03'),
(1242, 'Security Office', 'Security Office', '2020-10-10 10:47:11', '2020-10-10 10:47:11'),
(1243, 'TPS B3', 'TPS B3', '2020-10-10 10:47:18', '2020-10-10 10:47:18'),
(1244, '611_ASC', 'AIR SLIDE', '2020-10-10 10:47:28', '2020-10-10 10:47:28'),
(1245, '611_FA4_M1', 'MOTOR FAN AIR SLIDE', '2020-10-10 10:47:46', '2020-10-10 10:47:46'),
(1246, '611_MW1', 'SLIDING GATE', '2020-10-10 10:47:57', '2020-10-10 10:47:57'),
(1247, '611_MW2', 'SLIDING GATE', '2020-10-10 10:48:05', '2020-10-10 10:48:05'),
(1248, 'KWH', 'Pencatatan KWH', '2020-10-10 10:48:16', '2020-10-10 10:48:16'),
(1249, 'Lampu', 'Menyalakan atau Mematikan Lampu', '2020-10-10 10:48:31', '2020-10-10 10:48:31'),
(1250, '611_EH3', 'Hoist Roto 3', '2020-10-10 10:48:44', '2020-10-10 10:48:44'),
(1251, 'Out of Office', 'Dinas', '2020-10-10 10:48:52', '2020-10-10 10:48:52'),
(1252, '521_EH1', 'Electric Hoist', '2020-10-10 10:49:02', '2020-10-10 10:49:02'),
(1254, '591_3B1', 'BIN', '2020-10-10 10:50:02', '2020-10-10 10:50:02'),
(1257, '561_WP1', 'WATER PUMP', '2020-10-10 10:51:09', '2020-10-10 10:51:09'),
(1258, '561_TK1_V1', 'Selenoid Valve', '2020-10-10 10:51:27', '2020-10-10 10:51:27');

-- --------------------------------------------------------

--
-- Struktur dari tabel `failed_jobs`
--

CREATE TABLE `failed_jobs` (
  `id` bigint(20) UNSIGNED NOT NULL,
  `connection` text COLLATE utf8_unicode_ci NOT NULL,
  `queue` text COLLATE utf8_unicode_ci NOT NULL,
  `payload` longtext COLLATE utf8_unicode_ci NOT NULL,
  `exception` longtext COLLATE utf8_unicode_ci NOT NULL,
  `failed_at` timestamp NOT NULL DEFAULT CURRENT_TIMESTAMP
) ENGINE=InnoDB DEFAULT CHARSET=utf8 COLLATE=utf8_unicode_ci;

-- --------------------------------------------------------

--
-- Struktur dari tabel `leaders`
--

CREATE TABLE `leaders` (
  `id` bigint(20) UNSIGNED NOT NULL,
  `leader_name` varchar(255) COLLATE utf8_unicode_ci NOT NULL,
  `created_at` timestamp NULL DEFAULT NULL,
  `updated_at` timestamp NULL DEFAULT NULL
) ENGINE=InnoDB DEFAULT CHARSET=utf8 COLLATE=utf8_unicode_ci;

--
-- Dumping data untuk tabel `leaders`
--

INSERT INTO `leaders` (`id`, `leader_name`, `created_at`, `updated_at`) VALUES
(1, 'Minarto', '2020-10-08 02:56:52', '2020-10-08 02:56:52'),
(2, 'Hery Muhammad Sutan', '2020-10-10 23:54:27', '2020-10-10 23:54:27'),
(3, 'Junianto', '2020-10-10 23:54:38', '2020-10-10 23:54:38'),
(4, 'Arie Himmawan', '2020-10-10 23:54:53', '2020-10-10 23:54:53'),
(5, 'Bagus Yuliantoro', '2020-10-10 23:55:48', '2020-10-10 23:55:48'),
(6, 'Harso Sutoto', '2020-10-10 23:55:58', '2020-10-10 23:55:58'),
(7, 'Ardiamsyah', '2020-10-10 23:56:10', '2020-10-10 23:56:10'),
(8, 'Nur Awalludin Zuhri', '2020-10-10 23:56:24', '2020-10-10 23:56:24'),
(9, 'Muhammad Abu Sufyan', '2020-10-10 23:56:50', '2020-10-10 23:56:50'),
(10, 'Rio AF', '2020-10-10 23:57:06', '2020-10-10 23:57:06'),
(11, 'Gajuh Kristiono', '2020-10-10 23:57:20', '2020-10-10 23:57:20'),
(12, 'Andri Sutriandi Lukmana', '2020-10-10 23:57:39', '2020-10-10 23:57:39'),
(13, 'Cittra Bagus Pamungkas', '2020-10-10 23:57:51', '2020-10-10 23:57:51'),
(14, 'Decky Eko Wibowo', '2020-10-10 23:58:03', '2020-10-10 23:58:03'),
(15, 'Stevanus', '2020-10-10 23:58:16', '2020-10-10 23:58:16'),
(16, 'Satria Budiana', '2020-10-10 23:58:26', '2020-10-10 23:58:26'),
(17, 'Wahyu Setyaningrum', '2020-10-10 23:58:43', '2020-10-10 23:58:43'),
(18, 'Indah Lestari Setiowati', '2020-10-10 23:58:59', '2020-10-10 23:58:59'),
(19, 'Imam Jabarudin Ramelan', '2020-10-10 23:59:24', '2020-10-10 23:59:24'),
(20, 'Sigit Heru Sugihartono', '2020-10-10 23:59:43', '2020-10-10 23:59:43');

-- --------------------------------------------------------

--
-- Struktur dari tabel `migrations`
--

CREATE TABLE `migrations` (
  `id` int(10) UNSIGNED NOT NULL,
  `migration` varchar(255) COLLATE utf8_unicode_ci NOT NULL,
  `batch` int(11) NOT NULL
) ENGINE=InnoDB DEFAULT CHARSET=utf8 COLLATE=utf8_unicode_ci;

--
-- Dumping data untuk tabel `migrations`
--

INSERT INTO `migrations` (`id`, `migration`, `batch`) VALUES
(1, '2014_10_12_000001_create_departments_table', 1),
(2, '2014_10_12_000002_create_leaders_table', 1),
(3, '2014_10_12_000003_create_positions_table', 1),
(4, '2014_10_12_000004__create_roles_table', 1),
(5, '2014_10_12_000005_create_users_table', 1),
(6, '2014_10_12_100000_create_password_resets_table', 1),
(7, '2019_08_19_000000_create_failed_jobs_table', 1),
(8, '2020_09_09_051152_create_classifications_table', 1),
(9, '2020_09_09_061046_create_equipments_table', 1),
(10, '2020_09_09_065106_create_efficiencies_table', 1),
(11, '2020_09_09_065504_create_competencies_table', 1),
(12, '2020_09_11_040431_create_activities_table', 1),
(13, '2020_10_10_072409_add_date_to_activities', 2);

-- --------------------------------------------------------

--
-- Struktur dari tabel `password_resets`
--

CREATE TABLE `password_resets` (
  `email` varchar(255) COLLATE utf8_unicode_ci NOT NULL,
  `token` varchar(255) COLLATE utf8_unicode_ci NOT NULL,
  `created_at` timestamp NULL DEFAULT NULL
) ENGINE=InnoDB DEFAULT CHARSET=utf8 COLLATE=utf8_unicode_ci;

-- --------------------------------------------------------

--
-- Struktur dari tabel `positions`
--

CREATE TABLE `positions` (
  `id` bigint(20) UNSIGNED NOT NULL,
  `position_name` varchar(255) COLLATE utf8_unicode_ci NOT NULL,
  `created_at` timestamp NULL DEFAULT NULL,
  `updated_at` timestamp NULL DEFAULT NULL
) ENGINE=InnoDB DEFAULT CHARSET=utf8 COLLATE=utf8_unicode_ci;

--
-- Dumping data untuk tabel `positions`
--

INSERT INTO `positions` (`id`, `position_name`, `created_at`, `updated_at`) VALUES
(1, 'Plant Manager', '2020-10-08 02:55:15', '2020-10-08 02:55:15'),
(2, 'Management Representative', '2020-10-08 06:12:03', '2020-10-08 06:12:03'),
(3, 'Supporting Sec. Head', '2020-10-08 06:19:48', '2020-10-08 06:19:48'),
(4, 'IT Staff', '2020-10-08 06:19:56', '2020-10-08 06:19:56'),
(5, 'Supporting Staff', '2020-10-08 06:20:06', '2020-10-08 06:20:06'),
(6, 'Dispatch Sec. Head', '2020-10-08 06:20:15', '2020-10-08 06:20:15'),
(7, 'Dispatch Planner', '2020-10-08 06:20:23', '2020-10-08 06:20:23'),
(8, 'Dispatch Shift Leader', '2020-10-08 06:20:34', '2020-10-08 06:20:34'),
(9, 'Dispatch DO admin', '2020-10-08 06:21:20', '2020-10-08 06:21:20'),
(10, 'Autopac Opr.', '2020-10-11 23:59:30', '2020-10-11 23:59:30'),
(11, 'Billing Staff', '2020-10-12 00:00:13', '2020-10-12 00:00:13'),
(12, 'Buffer Staff / Auto', '2020-10-12 00:00:26', '2020-10-12 00:00:26'),
(13, 'Bulk Loader Opr.', '2020-10-12 00:00:39', '2020-10-12 00:00:39'),
(14, 'CCR Operator', '2020-10-12 00:00:49', '2020-10-12 00:00:49'),
(15, 'Checker', '2020-10-12 00:01:00', '2020-10-12 00:01:00'),
(16, 'Checker Manual', '2020-10-12 00:01:14', '2020-10-12 00:01:14'),
(17, 'Chemical Analyst', '2020-10-12 00:01:26', '2020-10-12 00:01:26'),
(18, 'Electrical', '2020-10-12 00:01:39', '2020-10-12 00:01:39'),
(19, 'Electrical Leader', '2020-10-12 00:01:48', '2020-10-12 00:01:48'),
(20, 'Electrical Shift', '2020-10-12 00:01:58', '2020-10-12 00:01:58'),
(21, 'FA Sec. Head', '2020-10-12 00:02:09', '2020-10-12 00:02:09'),
(22, 'Finance Staff', '2020-10-12 00:03:06', '2020-10-12 00:03:06'),
(23, 'GA Staff', '2020-10-12 00:03:17', '2020-10-12 00:03:17'),
(24, 'HE Operator', '2020-10-12 00:03:30', '2020-10-12 00:03:30'),
(25, 'HR Staff', '2020-10-12 00:03:39', '2020-10-12 00:03:39'),
(26, 'HRGA Leader', '2020-10-12 00:03:49', '2020-10-12 00:03:49'),
(27, 'Maintenance Planner', '2020-10-12 00:04:01', '2020-10-12 00:04:01'),
(28, 'Maintenance Sec. Head', '2020-10-12 00:04:26', '2020-10-12 00:04:26'),
(29, 'Mechanical', '2020-10-12 00:04:39', '2020-10-12 00:04:39'),
(30, 'Mechanical Leader', '2020-10-12 00:04:49', '2020-10-12 00:04:49'),
(31, 'Mechanical Shift', '2020-10-12 00:05:10', '2020-10-12 00:05:10'),
(32, 'Mill Patroller', '2020-10-12 00:05:21', '2020-10-12 00:05:21'),
(33, 'Operation', '2020-10-12 00:05:32', '2020-10-12 00:05:32'),
(34, 'Operation Planner', '2020-10-12 00:05:45', '2020-10-12 00:05:45'),
(35, 'Operation Sec. Head', '2020-10-12 00:06:02', '2020-10-12 00:06:02'),
(36, 'Operation Shit Leader', '2020-10-12 00:06:14', '2020-10-12 00:06:14'),
(37, 'Packer Operator', '2020-10-12 00:06:29', '2020-10-12 00:06:29'),
(38, 'Physical Analyst', '2020-10-12 00:06:45', '2020-10-12 00:06:45'),
(39, 'Purchasing Sec. Head', '2020-10-12 00:06:54', '2020-10-12 00:06:54'),
(40, 'Purchasing Staff', '2020-10-12 00:07:08', '2020-10-12 00:07:08'),
(41, 'QC Leader', '2020-10-12 00:07:18', '2020-10-12 00:07:18'),
(42, 'QC Sec. Head', '2020-10-12 00:07:31', '2020-10-12 00:07:31'),
(43, 'QC Shift', '2020-10-12 00:07:42', '2020-10-12 00:07:42'),
(44, 'SHE Inspector', '2020-10-12 00:07:53', '2020-10-12 00:07:53'),
(45, 'SHE Sec. Head', '2020-10-12 00:08:06', '2020-10-12 00:08:06'),
(46, 'Shift Operation', '2020-10-12 00:08:17', '2020-10-12 00:08:17'),
(47, 'Tools Keeper', '2020-10-12 00:08:29', '2020-10-12 00:08:29'),
(48, 'Truck Scale Operation', '2020-10-12 00:08:41', '2020-10-12 00:08:41'),
(49, 'Warehouse admin', '2020-10-12 00:08:51', '2020-10-12 00:08:51'),
(50, 'Warehouse Leader', '2020-10-12 00:09:04', '2020-10-12 00:09:04'),
(51, 'Warehouse Raw Material', '2020-10-12 00:09:14', '2020-10-12 00:09:14'),
(52, 'Warehouse Spare part', '2020-10-12 00:09:23', '2020-10-12 00:09:23'),
(53, 'Packer Patroller', '2020-10-13 23:52:31', '2020-10-13 23:52:31');

-- --------------------------------------------------------

--
-- Struktur dari tabel `roles`
--

CREATE TABLE `roles` (
  `id` bigint(20) UNSIGNED NOT NULL,
  `role_name` varchar(255) COLLATE utf8_unicode_ci NOT NULL,
  `created_at` timestamp NULL DEFAULT NULL,
  `updated_at` timestamp NULL DEFAULT NULL
) ENGINE=InnoDB DEFAULT CHARSET=utf8 COLLATE=utf8_unicode_ci;

--
-- Dumping data untuk tabel `roles`
--

INSERT INTO `roles` (`id`, `role_name`, `created_at`, `updated_at`) VALUES
(1, 'Admin', '2020-10-08 06:39:41', '2020-10-08 06:39:41'),
(2, 'Employee', '2020-10-08 03:02:59', '2020-10-08 03:02:59'),
(3, 'Leader', '2020-10-08 03:03:06', '2020-10-08 03:03:06'),
(4, 'Employee & Leader', '2020-11-19 19:39:24', '2020-11-19 19:39:24');

-- --------------------------------------------------------

--
-- Struktur dari tabel `users`
--

CREATE TABLE `users` (
  `id` bigint(20) UNSIGNED NOT NULL,
  `name` varchar(255) COLLATE utf8_unicode_ci NOT NULL,
  `NIK` varchar(255) COLLATE utf8_unicode_ci NOT NULL,
  `password` varchar(255) COLLATE utf8_unicode_ci NOT NULL,
  `position_id` bigint(20) UNSIGNED DEFAULT NULL,
  `department_id` bigint(20) UNSIGNED DEFAULT NULL,
  `leader_id` bigint(20) UNSIGNED DEFAULT NULL,
  `role_id` bigint(20) UNSIGNED DEFAULT NULL,
  `remember_token` varchar(100) COLLATE utf8_unicode_ci DEFAULT NULL,
  `created_at` timestamp NULL DEFAULT NULL,
  `updated_at` timestamp NULL DEFAULT NULL
) ENGINE=InnoDB DEFAULT CHARSET=utf8 COLLATE=utf8_unicode_ci;

--
-- Dumping data untuk tabel `users`
--

INSERT INTO `users` (`id`, `name`, `NIK`, `password`, `position_id`, `department_id`, `leader_id`, `role_id`, `remember_token`, `created_at`, `updated_at`) VALUES
(1, 'ISDARE Admin', '12345678', '$2y$10$TzWUYLoh0lCApbNr.ZE04uv9tNJjGT7J4CVFWnQcsc.TrbJvlc3aS', NULL, NULL, NULL, 1, NULL, '2020-10-07 23:45:19', '2020-10-18 17:35:12'),
(2, 'Admin 2', '87654321', '$2y$10$5hORCOMZn20rnMN.w71BIOj7QfDrbnwONLLZ1Vl4Pagjtdwh/Y1Ae', NULL, NULL, NULL, 1, NULL, '2020-10-11 20:33:55', '2020-10-18 17:36:11'),
(3, 'Minarto', '03300003', '$2y$10$YR7y1ASD3q1ltpGRJ128oePUDCI4zhzExglL5Y8ZFcanUyAQjaUv.', 1, 1, NULL, 3, NULL, '2020-10-11 22:48:43', '2020-10-11 22:48:43'),
(4, 'Boedi Soekmono', '03301036', '$2y$10$x7dlfeq6XxisDPZ5WgjiPuyFvMXZ3Zyib6VC5yRJDT9OMGg4KAQ52', 2, 1, 1, 2, NULL, '2020-10-11 22:49:41', '2020-10-11 22:49:41'),
(5, 'Admin 3', '1234567890', '$2y$10$DjfUVkB/BCCq9V0o3A8.ZegYQPC83q0lU8gIvb69TDKiSFWRjtSiG', NULL, NULL, NULL, 1, NULL, '2020-10-13 20:39:00', '2020-10-13 20:39:00'),
(6, 'Hery Muhammad Sutan', '03301721', '$2y$10$UYK9.oB2HBkhxA/1p9qJQeAEJpYubLj7qIw06mboIv0czJCFT.cNu', 3, 3, NULL, 3, NULL, '2020-10-13 20:50:06', '2020-10-18 17:43:24'),
(7, 'Mohammad Erik Susanto', '03301141', '$2y$10$uJcDPX2Yf8V7Dayp5Q48SuJH37uadBUzWdbdIVtBcQ1ccCH90OmSq', 4, 2, 2, 2, NULL, '2020-10-13 20:52:21', '2020-10-13 20:52:21'),
(8, 'Shodiqin A. Teja', '03300565', '$2y$10$OZJIIce.jYFx/1o68TT9iuOpYqlRLtb.qD7T8bu3N9qSfzh1OPJqS', 5, 3, 2, 2, NULL, '2020-10-13 20:53:26', '2020-10-13 20:53:26'),
(9, 'Junianto', '03300020', '$2y$10$ADjtiG0evq7ALtT7TKtLHONvrNjSJLReZPuxF9V/9NxWYkNaC1.HG', 6, 4, NULL, 3, NULL, '2020-10-13 20:54:48', '2020-10-18 17:53:52'),
(10, 'Thomas Wicaksono', '07400001', '$2y$10$VbY4l5wxSC/llHrXdIbaZ.gZNjV5P7yr9y028AEpLEuqCALJsX5cC', 7, 4, 3, 2, NULL, '2020-10-13 20:57:37', '2020-10-18 17:38:11'),
(11, 'Arie Himmawan', '03301622', '$2y$10$B8hsFGT1TS/Zlm4ROFewCu7IVLNmy8wTus7G1EvVS7FjsN34eHi0K', 8, 4, 3, 4, NULL, '2020-10-13 20:58:45', '2020-11-19 19:42:57'),
(12, 'Muhamad Nasrul Tantowi', '03301115', '$2y$10$melEfCanZ/9Glf5HBYsno.nFO7OkAYafte/Idy9DULmaw4GXQrZZi', 9, 4, 4, 2, NULL, '2020-10-13 21:01:24', '2020-10-13 21:01:24'),
(13, 'Vikynanda', '03301097', '$2y$10$DLuMcdlgr4WhqpOzgTxEROtn3M2IienbvdQzyD.6HbDe1/y95S1hO', 48, 4, 4, 2, NULL, '2020-10-13 21:03:16', '2020-10-13 21:03:16'),
(14, 'Andara Rahma Didiyas Hadi Kusuma', '03301377', '$2y$10$Y8ocOgcAkDVP3hK.MtH.j.cOSTcxa37.IIlEXBOBbHcnwlipho6ja', 15, 4, 4, 2, NULL, '2020-10-13 21:04:29', '2020-10-13 21:04:29'),
(15, 'Yuda Riyanto', '03300460', '$2y$10$moQ9DD4QvdlUq.pjYiW9wuLjYz9VdrHg5GwoG2qI9O4EaCxDTa8dC', 16, 4, 4, 2, NULL, '2020-10-13 21:05:30', '2020-10-13 21:05:30'),
(16, 'Dedik Hardianto', '3301513', '$2y$10$aXZNKVARdzzNoIzT4/yoC.TcasreodbVPPaencyKCeqUrDlQl7yzy', 12, 4, 4, 2, NULL, '2020-10-13 21:06:53', '2020-10-13 21:06:53'),
(17, 'Aditya Jaya Pratama', '03300402', '$2y$10$h7h3QME3cXlGk5n/AxC7O.ESHbOXiP8K7XHwv8cPiWiGqYzDdToJW', 9, 4, 4, 2, NULL, '2020-10-13 21:07:50', '2020-10-13 21:07:50'),
(18, 'Rian Yudha Pratama', '03301079', '$2y$10$PNAUNQBdlDsIwZFbGjp1A.dd49C/EWd0IevLdgUG0YW..K8.lKvOC', 48, 4, 4, 2, NULL, '2020-10-13 21:08:34', '2020-10-13 21:08:34'),
(19, 'Moh Rizaldy Fachrulloh', '03301070', '$2y$10$32hEJTxOy3rNbsRYSOsuTepTQTZx.FhLcm0bfLk2TejIpsB2uStSe', 15, 4, 4, 2, NULL, '2020-10-13 21:09:41', '2020-10-13 21:09:41'),
(20, 'M. Syamsur Rodlo', '03301054', '$2y$10$nkFfzEC5iMregyAIUfhAP.Zf5.XbnmC7IZTBN3HHijVEsMtIw7NDy', 16, 4, 4, 2, NULL, '2020-10-13 21:11:10', '2020-10-13 21:11:10'),
(21, 'Nanang Thaofek', '03301569', '$2y$10$SOImRJPIwsNkHgS3nbRoROSOODpW0LCSpPsnc9qkilq7Yo5My4fHm', 12, 4, 4, 2, NULL, '2020-10-13 21:11:53', '2020-10-13 21:11:53'),
(22, 'Arief Wahyudi', '03300404', '$2y$10$3PWn0QTxWK0bNHXYNrVCaeEUWbAnBIBQeJP70./kOcKw2ycOVa6ja', 9, 4, 4, 2, NULL, '2020-10-13 21:13:11', '2020-10-13 21:13:11'),
(23, 'Alfin Hasan', '03301108', '$2y$10$V4t.E9l0rSi9aSIbQogycunKCpYC5/r9ENuuQYZ7bfovPzwUD2dBO', 48, 4, 4, 2, NULL, '2020-10-13 21:13:52', '2020-10-13 21:13:52'),
(24, 'Muhammad Fatih Musyayyiduddin', '03301095', '$2y$10$PBVu/5tiwqr03RilcxYlNu9HVzf5ly4EhXiUb1R1gL3zWA.4lORKC', 15, 4, 4, 2, NULL, '2020-10-13 21:15:27', '2020-10-13 21:15:27'),
(25, 'Sunandar', '03301058', '$2y$10$jxHoh1CS0jMlkrFCj8zZk.kWOJ.JJzSRZC6KZKeUkuh6h7OUVbJ3i', 16, 4, 4, 2, NULL, '2020-10-13 21:16:02', '2020-10-13 21:16:02'),
(26, 'Didy Yuhannehs', '03301509', '$2y$10$5JEWW4er8smzSif24mqSnOVsWvmJrzEBzz4BmHynOI09xFAZHafe6', 12, 4, 4, 2, NULL, '2020-10-13 21:20:21', '2020-10-13 21:20:21'),
(27, 'Anugrah Cholis Arizona', '03300405', '$2y$10$o/aMZSNunkyDVjDFkNzAUO/QXXFSUgKGRcSEiJ08mVPt2owJUsXz.', 9, 4, 4, 2, NULL, '2020-10-13 21:21:38', '2020-10-13 21:21:38'),
(28, 'Muhammad Ali Afifuddin', '03301660', '$2y$10$yYvm4.cH3Vr.5TXSQ/VJdOJf9DsMk/KXxDUTTfhFhRNcrXBW8gEM2', 48, 4, 4, 2, NULL, '2020-10-13 21:23:52', '2020-10-13 21:23:52'),
(29, 'Muhammad Isman', '03301211', '$2y$10$io/9eJv8/BSxeo4qmzoB9uPm4W.wAzOz5g.Ejkhguj5GQtW9wPI0.', 15, 4, 4, 2, NULL, '2020-10-13 21:24:32', '2020-10-13 21:24:32'),
(30, 'Muhammad Fahrizal', '03301142', '$2y$10$yUveiDlpJyACbxLSzD0yre5lP3JjDCCF1Ah2perVQv4uLdzRYTSOS', 16, 4, 4, 2, NULL, '2020-10-13 21:25:06', '2020-10-13 21:25:06'),
(31, 'Achmad Dermawan', '03301514', '$2y$10$XyEc/0Py4h5tDO31TjQiHOOuxa29gpZewxLX7jKmeq7PP9xFSqciG', 12, 4, 4, 2, NULL, '2020-10-13 21:25:43', '2020-10-13 21:25:43'),
(32, 'Bagus Yuliantoro', '03301441', '$2y$10$ewv.SyxFb5x4bpxk8FgiIu5nqiCXX/jWpwVcmNTm67cKp7QLC.EN6', 21, 6, NULL, 3, NULL, '2020-10-13 21:27:06', '2020-10-18 17:56:07'),
(33, 'Wadlihatul Hidayah', '03301829', '$2y$10$JyTkhpUE3teaO3iw56r5ne5Mxlm.eRvDlqdMqSM/lthclN24Ze1EK', 11, 6, 5, 2, NULL, '2020-10-13 21:27:42', '2020-10-13 21:27:42'),
(34, 'Deni Trilaksono', '03302406', '$2y$10$P99lU9XerY5AJlQUkUZe4ueDW3uMNJ0bRQ/NhrRI6CuoG/cabZlJi', 11, 6, 5, 2, NULL, '2020-10-13 21:28:18', '2020-10-13 21:28:18'),
(35, 'I\'anatus Sunnah', '03300998', '$2y$10$v14Nlh4aF5pvIvo.tIIBQuoUp7DCx9IcahHh9CfL7.DhRcqTMddem', 22, 6, 5, 2, NULL, '2020-10-13 21:28:58', '2020-10-13 21:28:58'),
(36, 'Devi Septya Anggraini', '03301631', '$2y$10$R9K/5xzipdVF4oQnWrGDku50rScMc9HW.MHn6tfq3Y/.22BFke.WS', 22, 6, 5, 2, NULL, '2020-10-13 21:29:47', '2020-10-13 21:29:47'),
(37, 'Harso Sutoto', '03300618', '$2y$10$iGW0vi5a6XsjIWSkebieleyWMJxRdK2YMZ10EKUFHFtpZ00deeT5O', 26, 7, 2, 4, NULL, '2020-10-13 21:33:49', '2020-11-19 19:46:10'),
(38, 'Arin Kurniasari', '03301846', '$2y$10$ql83Fh7vsjavoq1KK9ZwEO3BRZ6LQTHgJw30dorA38yNYbz9UA4ZO', 25, 7, 6, 2, NULL, '2020-10-13 21:42:37', '2020-10-13 21:42:37'),
(39, 'Siti Fatimah', '03300712', '$2y$10$FcxhVzH9hIvx1FIObm7UBOMJBm4d.DSxahQ2CLqJX995PwnTlN5eS', 23, 7, 6, 2, NULL, '2020-10-13 21:43:13', '2020-10-13 21:43:13'),
(40, 'Ardiamsyah', '03300584', '$2y$10$kEecu.h2HuO6lWjHEEhhnOXIxIIi9z/7XhR5kRbwAn.7X0lV1rpP2', 28, 5, NULL, 3, NULL, '2020-10-13 22:42:38', '2020-10-18 17:56:48'),
(41, 'Muhammad Abu Sufyan', '03300584', '$2y$10$5UpcVRJ/EAuzRRbuG7hIb.q2Hk5SEqV70eHbie5LqdXsSjIKrkWeu', 30, 5, 7, 4, NULL, '2020-10-13 22:43:36', '2020-11-19 19:48:29'),
(42, 'Rio AF', '01300052', '$2y$10$jW2Ny/6lOeFE08xrHgux8.P6LTrkF75IYFnPaJNMXDYceft57Gwpq', 27, 5, 7, 4, NULL, '2020-10-13 22:45:02', '2020-11-19 19:49:48'),
(43, 'Nur Awalludin Zuhri', '03300661', '$2y$10$fTZNEL69iWd0TQuH9dt.mOQ.kylKnxLqi10miQmpC8klJuPvaJC1m', 19, 5, 7, 4, NULL, '2020-10-13 22:45:58', '2020-11-19 19:49:07'),
(44, 'Thoriq Sukurillah', '03301705', '$2y$10$UL7wsL9DowYpqWuI.cz8oOkUJnbuGzaVO2X5uvrmaQUNHLoGyPtDO', 31, 5, 8, 2, NULL, '2020-10-13 22:47:14', '2020-10-13 22:47:14'),
(45, 'Agung Prastyo', '03301092', '$2y$10$RvERUVGdnf3sk/z.SlgMT.c7u78cH83nWsoL4mAIA.JkskjOx46HW', 20, 5, 8, 2, NULL, '2020-10-13 22:50:39', '2020-10-13 22:50:39'),
(46, 'Dimas Putra Maulana', '03301076', '$2y$10$7xvl.2YF3lI/XzXUEX8IcOZGuRXns1Tjwnc4zNu5FXSZECefTZrC2', 20, 5, 8, 2, NULL, '2020-10-13 22:51:15', '2020-10-13 22:51:15'),
(47, 'Muhammad Iqbal Ali', '03301517', '$2y$10$ZS0Il45hqZQ4yzCKTZR4zuU8bpNhtkCvZtZul9VukrS2qL3fMePbC', 31, 5, 8, 2, NULL, '2020-10-13 22:52:15', '2020-10-13 22:52:15'),
(48, 'Mohammad Andrew Rafsanjany', '03301089', '$2y$10$3LZT5jexa85JCx.B8QeTQeP2uft2ackwzygAU4ljZ83Iy9q3sxfJu', 20, 5, 8, 2, NULL, '2020-10-13 22:57:28', '2020-10-13 22:57:28'),
(49, 'Arifin', '03301540', '$2y$10$dSW1U9oyk9Su4HIPaS.kwuHxeAsxCakeSX8hJLGquzlzd2xBVpXOy', 31, 5, 8, 2, NULL, '2020-10-13 22:59:23', '2020-10-13 22:59:23'),
(50, 'M. Efendi Zuhri', '03301073', '$2y$10$mcz2994P58/D8M0ws0Ma1OVzItZDgCiKgemMdXj5f4OHLZk35pLx.', 31, 5, 8, 2, NULL, '2020-10-13 23:00:10', '2020-10-13 23:00:10'),
(51, 'Afif Mussabiq', '03301085', '$2y$10$u6nw.dvBDHuyEKIiRQfXQ..bHkxFT/cxAoceA0lyPgP7lQYL1RT4u', 20, 5, 8, 2, NULL, '2020-10-13 23:00:50', '2020-10-13 23:00:50'),
(52, 'Muklis Sunaryo', '03301086', '$2y$10$WpzEyj3Iy3TKCNTT2rIZ6uZnzPoOu9kKVokAq0LH1Us3aVUNIhfuS', 29, 5, 9, 2, NULL, '2020-10-13 23:02:03', '2020-10-13 23:02:03'),
(53, 'Antok Ariyanto', '03301065', '$2y$10$YD8qhdCkU57LaC7JJfAhXuI9QuUO4bpt2536hk7aNLPAuYmnnHaCW', 29, 5, 9, 2, NULL, '2020-10-13 23:02:57', '2020-10-18 17:59:04'),
(54, 'Yahya', '03301518', '$2y$10$E6pD5Hsibg0seEco6V7P4uUXHzWyvU14Vx0rh6gpWgvAgIQ9cVax6', 29, 5, 9, 2, NULL, '2020-10-13 23:03:42', '2020-10-13 23:03:42'),
(55, 'Muhammad Alfian Firmansyah', '03301069', '$2y$10$R7WNxQ1jNrZ4YtiOX5YAOuRs6OxOOHrv/uBKGnO3GMvpaGPTqG.fy', 18, 5, 8, 2, NULL, '2020-10-13 23:05:39', '2020-10-13 23:05:39'),
(56, 'Husain Asrori', '03300714', '$2y$10$MLqHaycFKZBVlActnojBu.hyYf2PTAVSDb2AQcmcDSqgVam4Y5Hn2', 18, 5, 8, 2, NULL, '2020-10-13 23:06:26', '2020-10-13 23:06:26'),
(57, 'Hakim Persada', '03301063', '$2y$10$JmG/MHD2oRk3czqyFDKcWe6XJUIZb0z.oE/zvb6haNlDofbSsGX7S', 18, 5, 8, 2, NULL, '2020-10-13 23:07:07', '2020-10-13 23:07:07'),
(58, 'Ahamad Khoirul Rizal', '03301072', '$2y$10$1OgfwvsPTPhUexa4VLSYSu5W4NLdfrMBn/fp.5qH0mhNE8erVSj72', 29, 5, 9, 2, NULL, '2020-10-13 23:07:58', '2020-10-13 23:07:58'),
(59, 'Priyono', '03301516', '$2y$10$FdJpC7WMzK3wUXgSKovuk.Cf.PvS7JfCtqyE4F.Ui1k2T6RtisI1e', 47, 5, 10, 2, NULL, '2020-10-13 23:08:29', '2020-10-13 23:08:29'),
(60, 'Gajuh Kristiono', '03300026', '$2y$10$ZgH5Be/1hdFDzMdQAviU2uKrAKE6OSG1YKqXon8Z5rw2LZ7jp0MDa', 35, 8, NULL, 3, NULL, '2020-10-13 23:09:27', '2020-10-13 23:09:27'),
(61, 'Cittra Bagus Pamungkas', '03300683', '$2y$10$3ppSxPP0HNmFdltkTn0aReL2FCUBVo31mkhQjZN7ZV.6jrkPysX1.', 36, 8, 11, 4, NULL, '2020-10-13 23:11:42', '2020-11-19 19:43:43'),
(62, 'Stevanus', '03300700', '$2y$10$Yv1UmQfDGWMFH8qQ.eAir.7pjHerN7PjjgiD/qDm7NIPc.gnT4HKK', 36, 8, 11, 4, NULL, '2020-10-13 23:13:50', '2020-11-19 19:51:14'),
(63, 'Andri Sutriandi Lukmana', '03300694', '$2y$10$Yn1DsJyaaUZEkYx/lsnygO1PXRtJuTo0OVINSGRUrSPqrUKp4ZvrO', 36, 8, 11, 4, NULL, '2020-10-13 23:15:59', '2020-11-19 19:41:19'),
(64, 'Decky Eko Wibowo', '03300682', '$2y$10$4.fe4BQSEHpFsRetVVd6BuEVJu9HdKBDiweYj.HGDO66fw3hWq.QS', 36, 8, 11, 4, NULL, '2020-10-13 23:16:35', '2020-11-19 19:44:32'),
(65, 'Joko Dewoto', '01300067', '$2y$10$cl.xIsmArNXUoTUTBSf4i.N2kn0wOcHgc4IpluPxZ.YOHTf8FIOSO', 33, 8, 11, 2, NULL, '2020-10-13 23:17:27', '2020-10-13 23:17:27'),
(66, 'Moch. Adha Agustina', '03301081', '$2y$10$K7dcr/7ZgMlLZ1XHLtIkJuP1eOvXGDGQtzFHP9VeEjPPomkUA8w2m', 34, 8, 11, 2, NULL, '2020-10-13 23:18:24', '2020-10-13 23:18:24'),
(67, 'Hana Fadhilah', '03301080', '$2y$10$oe21key6sjxgQhcJ44gtjuQXXGeVSkff9N5J8lYQ6kWgKGS7V215e', 34, 8, 11, 2, NULL, '2020-10-13 23:19:18', '2020-10-13 23:19:18'),
(68, 'Kukuh Panji Asmoro', '03300761', '$2y$10$6kfZThh6yKKTo44WWyRsFeIlyVFK2ROhONq0mYBjK.9Np93Z0keC.', 14, 8, 12, 2, NULL, '2020-10-13 23:20:34', '2020-10-13 23:20:34'),
(69, 'Sukhoiri', '03301067', '$2y$10$oj0kg0nAUn0kZplrEeAt0eBljNBUk4Hm04JR7n3BBDskEs86WJk5a', 24, 8, 12, 2, NULL, '2020-10-13 23:40:37', '2020-10-13 23:40:37'),
(70, 'Galang Prisma Yudha', '03301847', '$2y$10$M62EC9YkRvjMvDbyndEi6.VKUriHCOW8D1hQdBhQsb1ss8SoSapRm', 32, 8, 12, 2, NULL, '2020-10-13 23:41:31', '2020-10-13 23:41:31'),
(71, 'Muswandi', '03301847', '$2y$10$BaNN3XrduwM.xssMBIc/PeuS6.ztqTeXHWK1KRZd/tb5vd4rSbnlK', 32, 8, 12, 2, NULL, '2020-10-13 23:41:59', '2020-10-13 23:41:59'),
(72, 'Moch. Riyan Musthofa Kamal', '03301524', '$2y$10$1Q/arPw7gMuQPkK.keRt/exfsw1c0/VGEjlGlGoMLs/2/RM8HxyWy', 32, 8, 12, 2, NULL, '2020-10-13 23:42:40', '2020-10-13 23:42:40'),
(73, 'Ade Yohansyah', '03301053', '$2y$10$ApfXOlV/UBMjQmV2Bbu1FOufYWLB6T9g2M0X1p8cM7/s7p9lFgoT2', 37, 8, 12, 2, NULL, '2020-10-13 23:43:44', '2020-10-13 23:43:44'),
(74, 'Eko Waluyo', '03301911', '$2y$10$NoehUK9hH3m0.ZMbymdyteqRr2GPimD/PdTWiy/T09QfsjAGRwZVe', 37, 8, 12, 2, NULL, '2020-10-13 23:44:39', '2020-10-13 23:44:39'),
(75, 'Susianton', '03301520', '$2y$10$ORIBduj.JefZyMvnpG0IRei/kgNcLOyx7/KYPFai5vp73OQK.V/i6', 13, 8, 12, 2, NULL, '2020-10-13 23:45:13', '2020-10-13 23:45:13'),
(76, 'Miftachus Surur', '03301056', '$2y$10$Gr.X6lobCjp2THReEtU36.I26ys3eB7yxfw4d6v3MPHFHt/bDS58S', 10, 8, 12, 2, NULL, '2020-10-13 23:45:57', '2020-10-13 23:45:57'),
(77, 'Ahmad Muzakky Firdaus', '03301082', '$2y$10$pFRCDxc/T9gD.ktoq1KyXeaDu6rCqdUw6TNu2LrRTHri9saICqGje', 14, 8, 13, 2, NULL, '2020-10-13 23:46:45', '2020-10-13 23:46:45'),
(78, 'Saifudin Nur', '03301060', '$2y$10$wYVZlhZV5Czgl/YiYbK.0O9sbW5MVTQlehmGeUhjagUOyv.33j6rm', 24, 8, 13, 2, NULL, '2020-10-13 23:47:37', '2020-10-13 23:47:37'),
(79, 'Yanu Pratama', '03302466', '$2y$10$cDnB3VbMoSRdlizVW473puuFy4gZbwhV0G8pdTnhVaO.JPL.catTG', 32, 8, 13, 2, NULL, '2020-10-13 23:48:18', '2020-10-13 23:48:18'),
(80, 'Achmad Budi Purnomo', '03301104', '$2y$10$bpgOtSPJj1daR9Anr3ltOuvxFx/qNrdLadpzkycrlriXI9GAm64SC', 32, 8, 13, 2, NULL, '2020-10-13 23:48:49', '2020-10-13 23:48:49'),
(81, 'Chisbul Maulana', '03301525', '$2y$10$JrmjkqMOs3Kynd3HhtP.ouq5Fn5ZHIVWeO5TlOxowLjcDaJks5FN6', 32, 8, 13, 2, NULL, '2020-10-13 23:49:30', '2020-10-13 23:49:30'),
(82, 'Agus Rahmat Hidayat', '03300713', '$2y$10$rvpKkF6Mres.eeg4uQv1cuHMZw/fzefppMUpd5h.YdN5h9ulHFev.', 37, 8, 13, 2, NULL, '2020-10-13 23:50:57', '2020-10-13 23:50:57'),
(83, 'Ahmad Kurnia Jaya', '03302066', '$2y$10$Qtf5u2MEMRXri.RwiwEU3etv8wS4r4Ch9Q7ByRGgwbq8ZojK/lZGa', 53, 8, 13, 2, NULL, '2020-10-13 23:53:16', '2020-10-13 23:53:16'),
(84, 'Rizky Ali Pratama', '03301522', '$2y$10$98MaHvJHMF1gFwBo4mvS6erZxGnsqa3EXQH1qYu0UHKgDYtRj0Cku', 13, 8, 13, 2, NULL, '2020-10-13 23:54:27', '2020-10-13 23:54:27'),
(85, 'Haeri Sutyawan', '03301511', '$2y$10$gHfrV9xUSin/J4.7uiWGw..KDK/3chvT80GvxCwOAmGKh3pUNcn2u', 10, 8, 13, 2, NULL, '2020-10-13 23:55:58', '2020-10-13 23:55:58'),
(86, 'Irwan Prastio', '03301083', '$2y$10$WL7m5Jad96GfzmW7slvuguxlZvNNAzLHw137DsQujJjXV1xU3nHUG', 14, 8, 14, 2, NULL, '2020-10-13 23:56:35', '2020-10-13 23:56:35'),
(87, 'Nur Halim', '03301185', '$2y$10$BnkcSETYxm.sf3a0WwxBh.ij6sEAcfScrCzocY.YV3ruotjeZIp3a', 24, 8, 14, 2, NULL, '2020-10-13 23:57:07', '2020-10-13 23:57:07'),
(88, 'Ach Chalim', '03301090', '$2y$10$CjKbczROAPtCzmmTlrrSbOBi2.aanM.bPMUUeqYqXXIgOSlo.u1Pa', 32, 8, 14, 2, NULL, '2020-10-13 23:57:55', '2020-10-13 23:57:55'),
(89, 'Dwi Amirta Ekfayanto', '03302070', '$2y$10$UcpxYaHbUPbyA64.qKuj8uSn9fYnj9.gHCS8VABvnRAqjdzvlcvB.', 32, 8, 14, 2, NULL, '2020-10-13 23:58:35', '2020-10-13 23:58:35'),
(90, 'Mochamad Fiddin', '03301550', '$2y$10$KhXZjfTyqVS86dGUsrzSpeRhbTig.6Z9nI/3yIy568X5p14nMgsb.', 32, 8, 14, 2, NULL, '2020-10-13 23:59:09', '2020-10-13 23:59:09'),
(91, 'Abdul Rakhman', '03301091', '$2y$10$9r53Gbj833stcLee2/Ngh.4eqEkr0gVOA.wu3enOxiEpC5F9vog0e', 53, 8, 14, 2, NULL, '2020-10-13 23:59:38', '2020-10-13 23:59:38'),
(92, 'Muhammad Irham Agustian', '03301088', '$2y$10$kcnkw11Majp8E.uirIvhPurbxIbgD117pe3d4dXmTnYUEaCTRr.au', 53, 8, 14, 2, NULL, '2020-10-14 00:00:44', '2020-10-14 00:00:44'),
(93, 'Rio Dwi Artyan', '03301521', '$2y$10$.sd76smRc.BFZJbJND9n/ugHVWm35ZITRWPeyfajvbapD2c70/1DK', 13, 8, 14, 2, NULL, '2020-10-14 00:01:51', '2020-10-14 00:01:51'),
(94, 'Indra Nuruddin', '03301510', '$2y$10$DlZxpYiBpj06DSja99FpAuCbWoKz0.OlyWYxhzUrYnksP0EpFtmhW', 10, 8, 14, 2, NULL, '2020-10-14 00:02:35', '2020-10-14 00:02:35'),
(95, 'Fery Lasiyano Asri Anggriawan', '03301055', '$2y$10$HBy4i7YIIwPGguQHTyTpvuSePAnEW3MuacNQuyyr.lg/LHmOS5DhW', 14, 8, 15, 2, NULL, '2020-10-14 00:03:25', '2020-10-14 00:03:25'),
(96, 'Mohammad Amir', '03302632', '$2y$10$JExS8RXOZCi9tIcXVCoOsu6w6rZ.i4jVZP30Eixt6Tm97SIrDTa8e', 24, 8, 15, 2, NULL, '2020-10-14 00:04:00', '2020-10-14 00:04:00'),
(97, 'Wahyu Amrillah Maslih', '03301077', '$2y$10$v3eqOoxVbkuGyxPk/isu7e9HwLZZT0SMn3oQhN/dxxlqL55d1cbjq', 32, 8, 15, 2, NULL, '2020-10-14 00:04:48', '2020-10-14 00:04:48'),
(98, 'Abdurrahman Dzikri', '03301094', '$2y$10$qLr9aDoN5CEbxxK2cKbK9OwmYZjyAc8emP6v7cJ.Oe7T3F7oYAK1y', 32, 8, 15, 2, NULL, '2020-10-14 00:05:28', '2020-10-14 00:05:28'),
(99, 'Ach. Jevry Gunawan', '03301523', '$2y$10$XCBKWETNKgWDPWFU87BbfuLPjpDobrUewlNBeNfW/I.p0AYNXna1a', 32, 8, 15, 2, NULL, '2020-10-14 00:06:16', '2020-10-14 00:06:16'),
(100, 'Yustia Sulistiono', '03301064', '$2y$10$lCfgfA4qnyPJqHlekWLEueq7wj8ef.BNnXT30/Q0n1PgT5TtYeXEO', 37, 8, 15, 2, NULL, '2020-10-14 00:07:20', '2020-10-14 00:07:20'),
(101, 'Moh. Mukhlis', '03301848', '$2y$10$QY7aPLP825LiliWWbJdV/OmiSpLojoCHNEjz0gadIBRJ1Ee37lz0a', 53, 8, 15, 2, NULL, '2020-10-14 00:07:54', '2020-10-14 00:07:54'),
(102, 'Deni Mulya Purnama', '03301958', '$2y$10$xsIEKnRLIiz5Z8Kvt4QXceW335fgXjJGJ0r3VF/kgB.tnaVtZyvky', 10, 8, 15, 2, NULL, '2020-10-14 00:08:27', '2020-10-14 00:08:27'),
(103, 'Satria Budiana', '03300172', '$2y$10$RiHmh./2B0G13/lOiBd6wOpyL12ltRjnW19pJ.mExbEANByx3kPKi', 39, 9, NULL, 3, NULL, '2020-10-14 00:09:01', '2020-10-14 00:09:01'),
(104, 'Rafi Farandy', '03302069', '$2y$10$1y/cARSDkkiUeGoJxCDTH.s9HYqCaFL3pH0btk/a0PQz0WIbszjqu', 40, 9, 16, 2, NULL, '2020-10-14 00:09:36', '2020-10-14 00:09:36'),
(105, 'Wahyu Setyaningrum', '03300069', '$2y$10$GrOI4PN6kiil5aSLO9793uZ/Fq4gUpdC4zaSZfd/7eMxH78t9RN..', 42, 10, NULL, 3, NULL, '2020-10-14 00:10:06', '2020-10-14 00:10:06'),
(106, 'Indah Lestari Setiowati', '03301701', '$2y$10$T3bij0jo40zdxy3fMDe.zuZLL/VuJkRFz91Y0SN40vryW10/XNH0u', 41, 10, 17, 4, NULL, '2020-10-14 00:10:52', '2020-11-19 19:47:34'),
(107, 'MaulidaTri Yuliana', '03301030', '$2y$10$wxMOeLZeUWjVt.ZvvxCW4e8IJqmgW1RnpPpkZM/BOys60LA7LIvw2', 17, 10, 18, 2, NULL, '2020-10-14 00:11:30', '2020-10-14 00:11:30'),
(108, 'Inggrid Savitri', '03301032', '$2y$10$ubFD2Nosg78m9COe7WbQQOuEuN7ro1JsZyPodQfteAAI5kkVwHvuG', 17, 10, 18, 2, NULL, '2020-10-14 00:12:07', '2020-10-14 00:12:07'),
(109, 'Mohammad Baktiyar', '03301033', '$2y$10$yw3VjZ38VJR4sKiJFtlwJ.ERhCiFXTNASX3HyKQs3yD2Ot/.vqbZ2', 38, 10, 18, 2, NULL, '2020-10-14 00:12:40', '2020-10-14 00:12:40'),
(110, 'Ibnu Hermawan', '03301034', '$2y$10$.rpYgH/PlJT0k.wywFZPEu4wI7UCRhKihIHm/DWKezfxeX4i/cEsK', 38, 10, 18, 2, NULL, '2020-10-14 00:13:14', '2020-10-14 00:13:14'),
(111, 'Indra Wahyu Setyawan', '03301028', '$2y$10$aRekWKkels8EFCx94i5pnu5xePCOmY30BSVdKub4TCS1CYDyWTEg2', 43, 10, 18, 2, NULL, '2020-10-14 00:13:46', '2020-10-14 00:13:46'),
(112, 'Erwin Pramudya Firdaus', '03301029', '$2y$10$6tWyy/Dbntg6uMcukB9v0efFKhP4ODLjqaPF4WWRIlXymS44SlrGi', 43, 10, 18, 2, NULL, '2020-10-14 00:14:21', '2020-10-14 00:14:21'),
(113, 'Muhammad Joko Aprilianto', '03301702', '$2y$10$Rl2ph6Bd8bzEJT6bmWA4u.JlXq0Y3sWvcK4Y2BLw/TE1vgqPe1yLW', 43, 10, 18, 2, NULL, '2020-10-14 00:15:07', '2020-10-14 00:15:07'),
(114, 'Gagas Prasetya', '03301031', '$2y$10$6fGbm.CXY7JljnHNo388luw2NS737OOF3wTYGNPpie/.JJthbQ5UG', 43, 10, 18, 2, NULL, '2020-10-14 00:15:37', '2020-10-14 00:15:37'),
(115, 'Imam Jabarudin Ramelan', '03300377', '$2y$10$ROTBXdQDWiXLbvZ1pD/HsOG1MNYbTj8aad5KlXCfzzisYhMlVksq6', 45, 11, NULL, 3, NULL, '2020-10-14 00:16:17', '2020-10-14 00:16:17'),
(116, 'Cahyaning Wulandari', '03301022', '$2y$10$IrDHzT22T6y83qt24cTlQe0QOxPXWutUaq6vUjeme1hzyMWtEq2Ne', 44, 11, 19, 2, NULL, '2020-10-14 00:16:52', '2020-10-14 00:16:52'),
(117, 'Mohammad Nanang Qosim', '03301193', '$2y$10$VBVomuCKRhiEguK3v3Hwb.W//LWin9vRKLVUQG0lO3UOTkPxm8Mt.', 44, 11, 19, 2, NULL, '2020-10-14 00:17:20', '2020-10-14 00:17:20'),
(118, 'Sigit Heru Sugihartono', '03301143', '$2y$10$pzFqIZuJWksmluthGXxb5.khp37miGrd2dgogCDkihvD9K2QLjjcK', 50, 12, 2, 4, NULL, '2020-10-14 00:17:56', '2020-11-19 19:50:34'),
(119, 'Edy Rahmat Nugroho', '03301106', '$2y$10$s4X5KE6RyRsB9axu.rA5d.bOIg9cljZzCUX/8LI8ZhdpeWSCSRwzi', 46, 12, 20, 2, NULL, '2020-10-14 00:18:34', '2020-10-14 00:18:34'),
(120, 'Moh Imam Efendi', '03301084', '$2y$10$w50YF2TZzftIMpLDROoUZ.E3iR1shbFcSaRktMN.8bZZHIhQ44EGu', 46, 12, 20, 2, NULL, '2020-10-14 00:19:07', '2020-10-14 00:19:07'),
(121, 'Tegar Mahesa D', '03302072', '$2y$10$NW6UbiToo.dv1QeDQtXTqOAgbok9MuEr9ZCAgTeOQPvlWrSkWKlOC', 46, 12, 20, 2, NULL, '2020-10-14 00:19:51', '2020-10-14 00:19:51'),
(122, 'Eko Susilo', '03302078', '$2y$10$sTAY2eeYwIMJlXXABoxmmu7W3zo7jRp8lxvBiFCjmBQ89UYMs/pM6', 46, 12, 20, 2, NULL, '2020-10-14 00:20:24', '2020-10-14 00:20:24'),
(123, 'Syaifullah', '03301057', '$2y$10$5asnVppNq4f6Oe/P3xGtTO9SkHGFNmGDHMsFDA2kpxD07Kb2QXaCS', 51, 12, 20, 2, NULL, '2020-10-14 00:20:56', '2020-10-14 00:20:56'),
(124, 'M. Kamaluddin Yahya', '03301062', '$2y$10$8DhyGOXymbE94AllgrFRg.u.55C9c2qgAAkKNHL3bj0f3jhMDzJQa', 52, 12, 20, 2, NULL, '2020-10-14 00:21:25', '2020-10-14 00:21:25'),
(125, 'Vivin Wulandari', '03301059', '$2y$10$kG/G5DydtNLHLR16P4ZppuLCaj72u8VULIpCwyFCz1CwFZHsTFFrS', 49, 12, 20, 2, NULL, '2020-10-14 00:22:02', '2020-10-14 00:22:02');

--
-- Indexes for dumped tables
--

--
-- Indeks untuk tabel `activities`
--
ALTER TABLE `activities`
  ADD PRIMARY KEY (`id`),
  ADD KEY `activities_user_id_foreign` (`user_id`),
  ADD KEY `activities_classification_id_foreign` (`classification_id`),
  ADD KEY `activities_equipment_id_foreign` (`equipment_id`),
  ADD KEY `activities_efficiency_id_foreign` (`efficiency_id`),
  ADD KEY `activities_competency_id_foreign` (`competency_id`);

--
-- Indeks untuk tabel `classifications`
--
ALTER TABLE `classifications`
  ADD PRIMARY KEY (`id`),
  ADD UNIQUE KEY `classifications_classification_name_unique` (`classification_name`);

--
-- Indeks untuk tabel `competencies`
--
ALTER TABLE `competencies`
  ADD PRIMARY KEY (`id`),
  ADD UNIQUE KEY `competencies_competency_name_unique` (`competency_name`);

--
-- Indeks untuk tabel `departments`
--
ALTER TABLE `departments`
  ADD PRIMARY KEY (`id`),
  ADD UNIQUE KEY `departments_department_name_unique` (`department_name`);

--
-- Indeks untuk tabel `efficiencies`
--
ALTER TABLE `efficiencies`
  ADD PRIMARY KEY (`id`),
  ADD UNIQUE KEY `efficiencies_efficiency_name_unique` (`efficiency_name`);

--
-- Indeks untuk tabel `equipment`
--
ALTER TABLE `equipment`
  ADD PRIMARY KEY (`id`),
  ADD UNIQUE KEY `equipments_equipment_code_unique` (`equipment_code`);

--
-- Indeks untuk tabel `failed_jobs`
--
ALTER TABLE `failed_jobs`
  ADD PRIMARY KEY (`id`);

--
-- Indeks untuk tabel `leaders`
--
ALTER TABLE `leaders`
  ADD PRIMARY KEY (`id`),
  ADD UNIQUE KEY `leaders_leader_name_unique` (`leader_name`);

--
-- Indeks untuk tabel `migrations`
--
ALTER TABLE `migrations`
  ADD PRIMARY KEY (`id`);

--
-- Indeks untuk tabel `password_resets`
--
ALTER TABLE `password_resets`
  ADD KEY `password_resets_email_index` (`email`);

--
-- Indeks untuk tabel `positions`
--
ALTER TABLE `positions`
  ADD PRIMARY KEY (`id`),
  ADD UNIQUE KEY `positions_position_name_unique` (`position_name`);

--
-- Indeks untuk tabel `roles`
--
ALTER TABLE `roles`
  ADD PRIMARY KEY (`id`),
  ADD UNIQUE KEY `roles_role_name_unique` (`role_name`);

--
-- Indeks untuk tabel `users`
--
ALTER TABLE `users`
  ADD PRIMARY KEY (`id`),
  ADD KEY `users_department_id_foreign` (`department_id`),
  ADD KEY `users_leader_id_foreign` (`leader_id`),
  ADD KEY `users_position_id_foreign` (`position_id`),
  ADD KEY `users_role_id_foreign` (`role_id`);

--
-- AUTO_INCREMENT untuk tabel yang dibuang
--

--
-- AUTO_INCREMENT untuk tabel `activities`
--
ALTER TABLE `activities`
  MODIFY `id` bigint(20) UNSIGNED NOT NULL AUTO_INCREMENT, AUTO_INCREMENT=17;

--
-- AUTO_INCREMENT untuk tabel `classifications`
--
ALTER TABLE `classifications`
  MODIFY `id` bigint(20) UNSIGNED NOT NULL AUTO_INCREMENT, AUTO_INCREMENT=8;

--
-- AUTO_INCREMENT untuk tabel `competencies`
--
ALTER TABLE `competencies`
  MODIFY `id` bigint(20) UNSIGNED NOT NULL AUTO_INCREMENT, AUTO_INCREMENT=6;

--
-- AUTO_INCREMENT untuk tabel `departments`
--
ALTER TABLE `departments`
  MODIFY `id` bigint(20) UNSIGNED NOT NULL AUTO_INCREMENT, AUTO_INCREMENT=13;

--
-- AUTO_INCREMENT untuk tabel `efficiencies`
--
ALTER TABLE `efficiencies`
  MODIFY `id` bigint(20) UNSIGNED NOT NULL AUTO_INCREMENT, AUTO_INCREMENT=6;

--
-- AUTO_INCREMENT untuk tabel `equipment`
--
ALTER TABLE `equipment`
  MODIFY `id` bigint(20) UNSIGNED NOT NULL AUTO_INCREMENT, AUTO_INCREMENT=1259;

--
-- AUTO_INCREMENT untuk tabel `failed_jobs`
--
ALTER TABLE `failed_jobs`
  MODIFY `id` bigint(20) UNSIGNED NOT NULL AUTO_INCREMENT;

--
-- AUTO_INCREMENT untuk tabel `leaders`
--
ALTER TABLE `leaders`
  MODIFY `id` bigint(20) UNSIGNED NOT NULL AUTO_INCREMENT, AUTO_INCREMENT=21;

--
-- AUTO_INCREMENT untuk tabel `migrations`
--
ALTER TABLE `migrations`
  MODIFY `id` int(10) UNSIGNED NOT NULL AUTO_INCREMENT, AUTO_INCREMENT=14;

--
-- AUTO_INCREMENT untuk tabel `positions`
--
ALTER TABLE `positions`
  MODIFY `id` bigint(20) UNSIGNED NOT NULL AUTO_INCREMENT, AUTO_INCREMENT=54;

--
-- AUTO_INCREMENT untuk tabel `roles`
--
ALTER TABLE `roles`
  MODIFY `id` bigint(20) UNSIGNED NOT NULL AUTO_INCREMENT, AUTO_INCREMENT=5;

--
-- AUTO_INCREMENT untuk tabel `users`
--
ALTER TABLE `users`
  MODIFY `id` bigint(20) UNSIGNED NOT NULL AUTO_INCREMENT, AUTO_INCREMENT=126;

--
-- Ketidakleluasaan untuk tabel pelimpahan (Dumped Tables)
--

--
-- Ketidakleluasaan untuk tabel `activities`
--
ALTER TABLE `activities`
  ADD CONSTRAINT `activities_classification_id_foreign` FOREIGN KEY (`classification_id`) REFERENCES `classifications` (`id`) ON DELETE CASCADE,
  ADD CONSTRAINT `activities_competency_id_foreign` FOREIGN KEY (`competency_id`) REFERENCES `competencies` (`id`) ON DELETE CASCADE,
  ADD CONSTRAINT `activities_efficiency_id_foreign` FOREIGN KEY (`efficiency_id`) REFERENCES `efficiencies` (`id`) ON DELETE CASCADE,
  ADD CONSTRAINT `activities_equipment_id_foreign` FOREIGN KEY (`equipment_id`) REFERENCES `equipment` (`id`) ON DELETE CASCADE,
  ADD CONSTRAINT `activities_user_id_foreign` FOREIGN KEY (`user_id`) REFERENCES `users` (`id`) ON DELETE CASCADE ON UPDATE CASCADE;

--
-- Ketidakleluasaan untuk tabel `users`
--
ALTER TABLE `users`
  ADD CONSTRAINT `users_department_id_foreign` FOREIGN KEY (`department_id`) REFERENCES `departments` (`id`) ON DELETE CASCADE ON UPDATE CASCADE,
  ADD CONSTRAINT `users_leader_id_foreign` FOREIGN KEY (`leader_id`) REFERENCES `leaders` (`id`) ON DELETE CASCADE ON UPDATE CASCADE,
  ADD CONSTRAINT `users_position_id_foreign` FOREIGN KEY (`position_id`) REFERENCES `positions` (`id`) ON DELETE CASCADE ON UPDATE CASCADE,
  ADD CONSTRAINT `users_role_id_foreign` FOREIGN KEY (`role_id`) REFERENCES `roles` (`id`) ON DELETE CASCADE ON UPDATE CASCADE;
COMMIT;

/*!40101 SET CHARACTER_SET_CLIENT=@OLD_CHARACTER_SET_CLIENT */;
/*!40101 SET CHARACTER_SET_RESULTS=@OLD_CHARACTER_SET_RESULTS */;
/*!40101 SET COLLATION_CONNECTION=@OLD_COLLATION_CONNECTION */;
